[{"@type":"workflow","id":"@1","name":"VCS_Asset_LTF_FF_FF","maxLogs":10,"references":[{"@type":"reference","refObjectId":"@4YrZJDfsGEBdYF1rQt0pKP","refType":"mtTask"},{"@type":"reference","refObjectId":"@aKxmutWptcWgr3mtdwz5WC","refType":"dssTask"}],"tasks":[{"@type":"workflowTask","taskId":"@4YrZJDfsGEBdYF1rQt0pKP","type":"MTT","name":"VCS_Asset_LTF_Mapping_Task","stopOnError":false,"stopOnWarning":false},{"@type":"workflowTask","taskId":"@aKxmutWptcWgr3mtdwz5WC","type":"DSS","name":"VCS_Asset_LTF_DSS_FF_FF","stopOnError":false,"stopOnWarning":false}]}]