[{"@type":"workflow","id":"@1","name":"VCS_Asset_LTF_FF_FF","maxLogs":10,"references":[{"@type":"reference","refObjectId":"@7SfMbCXG0ogklLp3qPmQip","refType":"mtTask"},{"@type":"reference","refObjectId":"@0P2jBa7sJaSlfYWMNZyCww","refType":"dssTask"}],"tasks":[{"@type":"workflowTask","taskId":"@7SfMbCXG0ogklLp3qPmQip","type":"MTT","name":"VCS_Asset_LTF_Mapping_Task","stopOnError":false,"stopOnWarning":false},{"@type":"workflowTask","taskId":"@0P2jBa7sJaSlfYWMNZyCww","type":"DSS","name":"VCS_Asset_LTF_DSS_FF_FF","stopOnError":false,"stopOnWarning":false}]}]