[{"@type":"workflow","id":"@1","name":"LTF_inlineActionDepen","maxLogs":10,"references":[{"@type":"reference","refObjectId":"@8vq56s8JwFtlf7oHaqFLAQ","refType":"mtTask"},{"@type":"reference","refObjectId":"@fcoFcY6eSWcfQxTKYosWi9","refType":"dssTask"},{"@type":"reference","refObjectId":"@gQ2rWM5OdelhzaYnCvoKox","refType":"drsTask"},{"@type":"reference","refObjectId":"@2sXqBQ1tem9g2vqqEmw3Ya","refType":"pcsTask"}],"tasks":[{"@type":"workflowTask","taskId":"@8vq56s8JwFtlf7oHaqFLAQ","type":"MTT","name":"MCT_inlineActionDepen","stopOnError":false,"stopOnWarning":false},{"@type":"workflowTask","taskId":"@fcoFcY6eSWcfQxTKYosWi9","type":"DSS","name":"dss_inlineActionDepen","stopOnError":false,"stopOnWarning":false},{"@type":"workflowTask","taskId":"@gQ2rWM5OdelhzaYnCvoKox","type":"DRS","name":"drs_inlineActionDepen","stopOnError":false,"stopOnWarning":false},{"@type":"workflowTask","taskId":"@2sXqBQ1tem9g2vqqEmw3Ya","type":"PCS","name":"PCS_inlineActionDepen","stopOnError":false,"stopOnWarning":false}]}]