[{"@type":"dssTask","id":"@1","name":"DSS_MockConnector_Marketo_S3","description":"","maxLogs":10,"sourceConnectionId":"@8L824kP4I2tde0xIs9MzCI","targetConnectionId":"@iposiQddta0f7MhtcWJLkJ","targetObject":"CUSTOMERS.csv","targetObjectLabel":"CUSTOMERS.csv","operation":"Insert","maxRows":0,"truncateTarget":false,"bulkApiDBTarget":false,"verbose":false,"targetMetadataUpdated":false,"modelVersion":"V3-R600","queryAll":false,"srcSettings":{"@type":"taskDataSourceSetting","isShowLabels":true,"isNaturalOrder":true},"tgtSettings":{"@type":"taskDataSourceSetting","isShowLabels":true,"isNaturalOrder":true},"cfSettings":{"@type":"taskDataSourceSetting","isShowLabels":false,"isNaturalOrder":false},"bulkApi":false,"bulkApiSerialMode":false,"bulkApiMonitor":false,"isTargetObjectSfCustom":false,"allowNullUpdates":false,"targetBatchSize":200,"assignmentRuleId":"-1","assignmentRuleType":"None","createSuccessFile":false,"bulkApiHardDelete":false,"srcRuntimeAttrs":{"@type":"taskRuntimeAttrs","attrs":{}},"tgtRuntimeAttrs":{"@type":"taskRuntimeAttrs","attrs":{"Error File Directory":"","Success File Directory":""}},"parameterFileEncoding":"UTF-8","sourceObjects":[{"@type":"mObject","name":"CUSTOMERS.csv","label":"CUSTOMERS.csv","metadataUpdated":false,"relations":[],"children":[]}],"advancedFilters":[],"filters":[],"fieldMaps":[{"@type":"fieldMap","id":"19175381","targetField":{"@type":"field","id":108663117,"name":"customerNumber","type":"string","uniqueName":"customerNumber","label":"customerNumber","parentObject":"CUSTOMERS.csv","pcType":"NSTRING","precision":256,"scale":0,"columnIndex":-1,"isKey":false,"isExternalId":false,"isSfIdLookup":false,"isNullable":true,"isUnique":false,"isCreateable":false,"isUpdateable":true,"isFilterable":true,"isCalculated":false,"javaType":"java.lang.String","showLabel":true,"naturalOrder":0,"linkedFields":["customerNumber"],"relatedInfos":[],"references":[]},"lookup":{"@type":"lookup","id":"85463","connectionId":"@2nZR0D50OqgbIYEkiyon29","object":"My_Customer.csv","objectLabel":"My_Customer.csv","outputField":{"@type":"field","id":108663119,"name":"customerNumber","type":"string","uniqueName":"customerNumber__lkp_OUT","label":"customerNumber","parentObject":"My_Customer.csv","pcType":"NSTRING","precision":256,"scale":0,"columnIndex":-1,"isKey":false,"isExternalId":false,"isSfIdLookup":false,"isNullable":true,"isUnique":false,"isCreateable":false,"isUpdateable":true,"isFilterable":true,"isCalculated":false,"javaType":"java.lang.String","showLabel":true,"naturalOrder":0,"linkedFields":[],"relatedInfos":[],"references":[]},"multiplicityError":true,"settings":{"@type":"taskDataSourceSetting","isShowLabels":true,"isNaturalOrder":true},"objectRelations":[{"@type":"objectRelationExt","object1":"CUSTOMERS.csv","object2":"My_Customer.csv","field1":{"@type":"field","id":108663121,"name":"customerNumber","type":"string","uniqueName":"customerNumber","label":"customerNumber","parentObject":"CUSTOMERS.csv","pcType":"NSTRING","precision":256,"scale":0,"columnIndex":-1,"isKey":false,"isExternalId":false,"isSfIdLookup":false,"isNullable":true,"isUnique":false,"isCreateable":false,"isUpdateable":true,"isFilterable":true,"isCalculated":false,"javaType":"java.lang.String","showLabel":true,"naturalOrder":0,"linkedFields":[],"relatedInfos":[],"references":[]},"field2":{"@type":"field","id":108663123,"name":"customerNumber","type":"string","uniqueName":"customerNumber__lkp_","label":"customerNumber","parentObject":"My_Customer.csv","pcType":"NSTRING","precision":256,"scale":0,"columnIndex":-1,"isKey":false,"isExternalId":false,"isSfIdLookup":false,"isNullable":true,"isUnique":false,"isCreateable":false,"isUpdateable":true,"isFilterable":true,"isCalculated":false,"javaType":"java.lang.String","showLabel":true,"naturalOrder":0,"linkedFields":[],"relatedInfos":[],"references":[]}}]}},{"@type":"fieldMap","id":"19175383","targetField":{"@type":"field","id":108663125,"name":"customerName","type":"string","uniqueName":"customerName","label":"customerName","parentObject":"CUSTOMERS.csv","pcType":"NSTRING","precision":256,"scale":0,"columnIndex":-1,"isKey":false,"isExternalId":false,"isSfIdLookup":false,"isNullable":true,"isUnique":false,"isCreateable":false,"isUpdateable":true,"isFilterable":true,"isCalculated":false,"javaType":"java.lang.String","showLabel":true,"naturalOrder":1,"linkedFields":[],"relatedInfos":[],"references":[]}},{"@type":"fieldMap","id":"19175385","targetField":{"@type":"field","id":108663127,"name":"firstName","type":"string","uniqueName":"firstName","label":"firstName","parentObject":"CUSTOMERS.csv","pcType":"NSTRING","precision":256,"scale":0,"columnIndex":-1,"isKey":false,"isExternalId":false,"isSfIdLookup":false,"isNullable":true,"isUnique":false,"isCreateable":false,"isUpdateable":true,"isFilterable":true,"isCalculated":false,"javaType":"java.lang.String","showLabel":true,"naturalOrder":2,"linkedFields":[],"relatedInfos":[],"references":[]}},{"@type":"fieldMap","id":"19175387","targetField":{"@type":"field","id":108663129,"name":"lastName","type":"string","uniqueName":"lastName","label":"lastName","parentObject":"CUSTOMERS.csv","pcType":"NSTRING","precision":256,"scale":0,"columnIndex":-1,"isKey":false,"isExternalId":false,"isSfIdLookup":false,"isNullable":true,"isUnique":false,"isCreateable":false,"isUpdateable":true,"isFilterable":true,"isCalculated":false,"javaType":"java.lang.String","showLabel":true,"naturalOrder":3,"linkedFields":[],"relatedInfos":[],"references":[]}},{"@type":"fieldMap","id":"19175389","targetField":{"@type":"field","id":108663131,"name":"phone","type":"string","uniqueName":"phone","label":"phone","parentObject":"CUSTOMERS.csv","pcType":"NSTRING","precision":256,"scale":0,"columnIndex":-1,"isKey":false,"isExternalId":false,"isSfIdLookup":false,"isNullable":true,"isUnique":false,"isCreateable":false,"isUpdateable":true,"isFilterable":true,"isCalculated":false,"javaType":"java.lang.String","showLabel":true,"naturalOrder":4,"linkedFields":[],"relatedInfos":[],"references":[]}},{"@type":"fieldMap","id":"19175391","targetField":{"@type":"field","id":108663133,"name":"addressLine1","type":"string","uniqueName":"addressLine1","label":"addressLine1","parentObject":"CUSTOMERS.csv","pcType":"NSTRING","precision":256,"scale":0,"columnIndex":-1,"isKey":false,"isExternalId":false,"isSfIdLookup":false,"isNullable":true,"isUnique":false,"isCreateable":false,"isUpdateable":true,"isFilterable":true,"isCalculated":false,"javaType":"java.lang.String","showLabel":true,"naturalOrder":5,"linkedFields":[],"relatedInfos":[],"references":[]}},{"@type":"fieldMap","id":"19175393","targetField":{"@type":"field","id":108663135,"name":"addressLine2","type":"string","uniqueName":"addressLine2","label":"addressLine2","parentObject":"CUSTOMERS.csv","pcType":"NSTRING","precision":256,"scale":0,"columnIndex":-1,"isKey":false,"isExternalId":false,"isSfIdLookup":false,"isNullable":true,"isUnique":false,"isCreateable":false,"isUpdateable":true,"isFilterable":true,"isCalculated":false,"javaType":"java.lang.String","showLabel":true,"naturalOrder":6,"linkedFields":[],"relatedInfos":[],"references":[]}},{"@type":"fieldMap","id":"19175395","targetField":{"@type":"field","id":108663137,"name":"city","type":"string","uniqueName":"city","label":"city","parentObject":"CUSTOMERS.csv","pcType":"NSTRING","precision":256,"scale":0,"columnIndex":-1,"isKey":false,"isExternalId":false,"isSfIdLookup":false,"isNullable":true,"isUnique":false,"isCreateable":false,"isUpdateable":true,"isFilterable":true,"isCalculated":false,"javaType":"java.lang.String","showLabel":true,"naturalOrder":7,"linkedFields":[],"relatedInfos":[],"references":[]}},{"@type":"fieldMap","id":"19175397","targetField":{"@type":"field","id":108663139,"name":"state","type":"string","uniqueName":"state","label":"state","parentObject":"CUSTOMERS.csv","pcType":"NSTRING","precision":256,"scale":0,"columnIndex":-1,"isKey":false,"isExternalId":false,"isSfIdLookup":false,"isNullable":true,"isUnique":false,"isCreateable":false,"isUpdateable":true,"isFilterable":true,"isCalculated":false,"javaType":"java.lang.String","showLabel":true,"naturalOrder":8,"linkedFields":[],"relatedInfos":[],"references":[]}},{"@type":"fieldMap","id":"19175399","targetField":{"@type":"field","id":108663141,"name":"postalCode","type":"string","uniqueName":"postalCode","label":"postalCode","parentObject":"CUSTOMERS.csv","pcType":"NSTRING","precision":256,"scale":0,"columnIndex":-1,"isKey":false,"isExternalId":false,"isSfIdLookup":false,"isNullable":true,"isUnique":false,"isCreateable":false,"isUpdateable":true,"isFilterable":true,"isCalculated":false,"javaType":"java.lang.String","showLabel":true,"naturalOrder":9,"linkedFields":[],"relatedInfos":[],"references":[]}},{"@type":"fieldMap","id":"19175401","targetField":{"@type":"field","id":108663143,"name":"country","type":"string","uniqueName":"country","label":"country","parentObject":"CUSTOMERS.csv","pcType":"NSTRING","precision":256,"scale":0,"columnIndex":-1,"isKey":false,"isExternalId":false,"isSfIdLookup":false,"isNullable":true,"isUnique":false,"isCreateable":false,"isUpdateable":true,"isFilterable":true,"isCalculated":false,"javaType":"java.lang.String","showLabel":true,"naturalOrder":10,"linkedFields":[],"relatedInfos":[],"references":[]}},{"@type":"fieldMap","id":"19175403","targetField":{"@type":"field","id":108663145,"name":"salesRepEmpNo","type":"string","uniqueName":"salesRepEmpNo","label":"salesRepEmpNo","parentObject":"CUSTOMERS.csv","pcType":"NSTRING","precision":256,"scale":0,"columnIndex":-1,"isKey":false,"isExternalId":false,"isSfIdLookup":false,"isNullable":true,"isUnique":false,"isCreateable":false,"isUpdateable":true,"isFilterable":true,"isCalculated":false,"javaType":"java.lang.String","showLabel":true,"naturalOrder":11,"linkedFields":[],"relatedInfos":[],"references":[]}},{"@type":"fieldMap","id":"19175405","targetField":{"@type":"field","id":108663147,"name":"creditLimit","type":"string","uniqueName":"creditLimit","label":"creditLimit","parentObject":"CUSTOMERS.csv","pcType":"NSTRING","precision":256,"scale":0,"columnIndex":-1,"isKey":false,"isExternalId":false,"isSfIdLookup":false,"isNullable":true,"isUnique":false,"isCreateable":false,"isUpdateable":true,"isFilterable":true,"isCalculated":false,"javaType":"java.lang.String","showLabel":true,"naturalOrder":12,"linkedFields":[],"relatedInfos":[],"references":[]}}],"sourceFields":[{"@type":"field","id":108663149,"name":"customerNumber","type":"string","uniqueName":"customerNumber","label":"customerNumber","parentObject":"CUSTOMERS.csv","pcType":"NSTRING","precision":256,"scale":0,"columnIndex":-1,"isKey":false,"isExternalId":false,"isSfIdLookup":false,"isNullable":true,"isUnique":false,"isCreateable":false,"isUpdateable":true,"isFilterable":true,"isCalculated":false,"javaType":"java.lang.String","showLabel":true,"naturalOrder":0,"linkedFields":["customerNumber"],"relatedInfos":[],"references":[]},{"@type":"field","id":108663151,"name":"customerName","type":"string","uniqueName":"customerName","label":"customerName","parentObject":"CUSTOMERS.csv","pcType":"NSTRING","precision":256,"scale":0,"columnIndex":-1,"isKey":false,"isExternalId":false,"isSfIdLookup":false,"isNullable":true,"isUnique":false,"isCreateable":false,"isUpdateable":true,"isFilterable":true,"isCalculated":false,"javaType":"java.lang.String","showLabel":true,"naturalOrder":1,"linkedFields":[],"relatedInfos":[],"references":[]},{"@type":"field","id":108663153,"name":"firstName","type":"string","uniqueName":"firstName","label":"firstName","parentObject":"CUSTOMERS.csv","pcType":"NSTRING","precision":256,"scale":0,"columnIndex":-1,"isKey":false,"isExternalId":false,"isSfIdLookup":false,"isNullable":true,"isUnique":false,"isCreateable":false,"isUpdateable":true,"isFilterable":true,"isCalculated":false,"javaType":"java.lang.String","showLabel":true,"naturalOrder":2,"linkedFields":[],"relatedInfos":[],"references":[]},{"@type":"field","id":108663155,"name":"lastName","type":"string","uniqueName":"lastName","label":"lastName","parentObject":"CUSTOMERS.csv","pcType":"NSTRING","precision":256,"scale":0,"columnIndex":-1,"isKey":false,"isExternalId":false,"isSfIdLookup":false,"isNullable":true,"isUnique":false,"isCreateable":false,"isUpdateable":true,"isFilterable":true,"isCalculated":false,"javaType":"java.lang.String","showLabel":true,"naturalOrder":3,"linkedFields":[],"relatedInfos":[],"references":[]},{"@type":"field","id":108663157,"name":"phone","type":"string","uniqueName":"phone","label":"phone","parentObject":"CUSTOMERS.csv","pcType":"NSTRING","precision":256,"scale":0,"columnIndex":-1,"isKey":false,"isExternalId":false,"isSfIdLookup":false,"isNullable":true,"isUnique":false,"isCreateable":false,"isUpdateable":true,"isFilterable":true,"isCalculated":false,"javaType":"java.lang.String","showLabel":true,"naturalOrder":4,"linkedFields":[],"relatedInfos":[],"references":[]},{"@type":"field","id":108663159,"name":"addressLine1","type":"string","uniqueName":"addressLine1","label":"addressLine1","parentObject":"CUSTOMERS.csv","pcType":"NSTRING","precision":256,"scale":0,"columnIndex":-1,"isKey":false,"isExternalId":false,"isSfIdLookup":false,"isNullable":true,"isUnique":false,"isCreateable":false,"isUpdateable":true,"isFilterable":true,"isCalculated":false,"javaType":"java.lang.String","showLabel":true,"naturalOrder":5,"linkedFields":[],"relatedInfos":[],"references":[]},{"@type":"field","id":108663161,"name":"addressLine2","type":"string","uniqueName":"addressLine2","label":"addressLine2","parentObject":"CUSTOMERS.csv","pcType":"NSTRING","precision":256,"scale":0,"columnIndex":-1,"isKey":false,"isExternalId":false,"isSfIdLookup":false,"isNullable":true,"isUnique":false,"isCreateable":false,"isUpdateable":true,"isFilterable":true,"isCalculated":false,"javaType":"java.lang.String","showLabel":true,"naturalOrder":6,"linkedFields":[],"relatedInfos":[],"references":[]},{"@type":"field","id":108663163,"name":"city","type":"string","uniqueName":"city","label":"city","parentObject":"CUSTOMERS.csv","pcType":"NSTRING","precision":256,"scale":0,"columnIndex":-1,"isKey":false,"isExternalId":false,"isSfIdLookup":false,"isNullable":true,"isUnique":false,"isCreateable":false,"isUpdateable":true,"isFilterable":true,"isCalculated":false,"javaType":"java.lang.String","showLabel":true,"naturalOrder":7,"linkedFields":[],"relatedInfos":[],"references":[]},{"@type":"field","id":108663165,"name":"state","type":"string","uniqueName":"state","label":"state","parentObject":"CUSTOMERS.csv","pcType":"NSTRING","precision":256,"scale":0,"columnIndex":-1,"isKey":false,"isExternalId":false,"isSfIdLookup":false,"isNullable":true,"isUnique":false,"isCreateable":false,"isUpdateable":true,"isFilterable":true,"isCalculated":false,"javaType":"java.lang.String","showLabel":true,"naturalOrder":8,"linkedFields":[],"relatedInfos":[],"references":[]},{"@type":"field","id":108663167,"name":"postalCode","type":"string","uniqueName":"postalCode","label":"postalCode","parentObject":"CUSTOMERS.csv","pcType":"NSTRING","precision":256,"scale":0,"columnIndex":-1,"isKey":false,"isExternalId":false,"isSfIdLookup":false,"isNullable":true,"isUnique":false,"isCreateable":false,"isUpdateable":true,"isFilterable":true,"isCalculated":false,"javaType":"java.lang.String","showLabel":true,"naturalOrder":9,"linkedFields":[],"relatedInfos":[],"references":[]},{"@type":"field","id":108663169,"name":"country","type":"string","uniqueName":"country","label":"country","parentObject":"CUSTOMERS.csv","pcType":"NSTRING","precision":256,"scale":0,"columnIndex":-1,"isKey":false,"isExternalId":false,"isSfIdLookup":false,"isNullable":true,"isUnique":false,"isCreateable":false,"isUpdateable":true,"isFilterable":true,"isCalculated":false,"javaType":"java.lang.String","showLabel":true,"naturalOrder":10,"linkedFields":[],"relatedInfos":[],"references":[]},{"@type":"field","id":108663171,"name":"salesRepEmpNo","type":"string","uniqueName":"salesRepEmpNo","label":"salesRepEmpNo","parentObject":"CUSTOMERS.csv","pcType":"NSTRING","precision":256,"scale":0,"columnIndex":-1,"isKey":false,"isExternalId":false,"isSfIdLookup":false,"isNullable":true,"isUnique":false,"isCreateable":false,"isUpdateable":true,"isFilterable":true,"isCalculated":false,"javaType":"java.lang.String","showLabel":true,"naturalOrder":11,"linkedFields":[],"relatedInfos":[],"references":[]},{"@type":"field","id":108663173,"name":"creditLimit","type":"string","uniqueName":"creditLimit","label":"creditLimit","parentObject":"CUSTOMERS.csv","pcType":"NSTRING","precision":256,"scale":0,"columnIndex":-1,"isKey":false,"isExternalId":false,"isSfIdLookup":false,"isNullable":true,"isUnique":false,"isCreateable":false,"isUpdateable":true,"isFilterable":true,"isCalculated":false,"javaType":"java.lang.String","showLabel":true,"naturalOrder":12,"linkedFields":[],"relatedInfos":[],"references":[]}],"sortFields":[],"groupFields":[]}]