[{"@type":"workflow","id":"@1","name":"LTF_inlineActionDepen_proj1","maxLogs":10,"references":[{"@type":"reference","refObjectId":"@5cFGekD0uOOexEoBkbFWqw","refType":"dssTask"},{"@type":"reference","refObjectId":"@786v3h59vG1etesGdfnHkG","refType":"pcsTask"}],"tasks":[{"@type":"workflowTask","taskId":"@5cFGekD0uOOexEoBkbFWqw","type":"DSS","name":"dss_inlineActionDepen_proj1","stopOnError":false,"stopOnWarning":false},{"@type":"workflowTask","taskId":"@786v3h59vG1etesGdfnHkG","type":"PCS","name":"PCS_inlineActionDepen_proj1","stopOnError":false,"stopOnWarning":false}]}]