[{"@type":"workflow","id":"@1","name":"LTF_inlineActionDepen_proj1","maxLogs":10,"references":[{"@type":"reference","refObjectId":"@5cFGekD0uOOexEoBkbFWqw","refType":"dssTask"},{"@type":"reference","refObjectId":"@8k4mZMu7eC8hvKHT2VUDS3","refType":"pcsTask"}],"tasks":[{"@type":"workflowTask","taskId":"@5cFGekD0uOOexEoBkbFWqw","type":"DSS","name":"dss_inlineActionDepen_proj1","stopOnError":false,"stopOnWarning":false},{"@type":"workflowTask","taskId":"@8k4mZMu7eC8hvKHT2VUDS3","type":"PCS","name":"PCS_inlineActionDepen_proj1","stopOnError":false,"stopOnWarning":false}]}]