[{"@type":"mappingTemplate","id":"@1","name":"cmd_new","description":"","bundleVersion":"0","templateId":"@3","deployTime":1592943978000,"hasParameters":false,"valid":true,"fixedConnection":true,"hasParametersDeployed":false,"fixedConnectionDeployed":true,"tasks":0,"mappingPreviewFileRecordId":"@2","documentType":"","references":[{"@type":"reference","refObjectId":"@6hlhXvY5MESiZqBdKgn9K7","refType":"connection"},{"@type":"reference","refObjectId":"@kZKVR5yCcI2jrQF1ZRVa2Z","refType":"connection"}]}]