[{"@type":"dssTask","id":"@1","name":"Dss_Bug22792","description":"","maxLogs":10,"sourceConnectionId":"@47vLUhRGWVBd4FvzD7ZqII","targetConnectionId":"@47vLUhRGWVBd4FvzD7ZqII","targetObject":"ALC_PRODUCTS","targetObjectLabel":"ALC_PRODUCTS","operation":"Insert","maxRows":0,"truncateTarget":false,"bulkApiDBTarget":false,"verbose":false,"targetMetadataUpdated":false,"modelVersion":"V3-R600","queryAll":false,"srcSettings":{"@type":"taskDataSourceSetting","isShowLabels":false,"isNaturalOrder":true},"tgtSettings":{"@type":"taskDataSourceSetting","isShowLabels":false,"isNaturalOrder":true},"cfSettings":{"@type":"taskDataSourceSetting","isShowLabels":false,"isNaturalOrder":false},"bulkApi":false,"bulkApiSerialMode":false,"bulkApiMonitor":false,"isTargetObjectSfCustom":false,"allowNullUpdates":false,"targetBatchSize":200,"assignmentRuleId":"-1","assignmentRuleType":"None","createSuccessFile":false,"bulkApiHardDelete":false,"srcRuntimeAttrs":{"@type":"taskRuntimeAttrs","attrs":{}},"tgtRuntimeAttrs":{"@type":"taskRuntimeAttrs","attrs":{}},"parameterFileEncoding":"UTF-8","sourceObjects":[{"@type":"mObject","name":"ALC_PRODUCTS","label":"ALC_PRODUCTS","metadataUpdated":false,"relations":[],"children":[]}],"advancedFilters":[],"filters":[],"fieldMaps":[{"@type":"fieldMap","id":"18017785","targetField":{"@type":"field","id":105449005,"name":"PRODUCTID","type":"integer","uniqueName":"PRODUCTID","label":"PRODUCTID","parentObject":"ALC_PRODUCTS","pcType":"INT","precision":10,"scale":0,"columnIndex":0,"isKey":false,"isExternalId":false,"isSfIdLookup":false,"isNullable":true,"isUnique":false,"isCreateable":false,"isUpdateable":true,"isFilterable":true,"isCalculated":false,"showLabel":false,"naturalOrder":0,"linkedFields":["PRODUCTID"],"relatedInfos":[],"references":[]},"expression":"PRODUCTID"},{"@type":"fieldMap","id":"18017787","targetField":{"@type":"field","id":105449007,"name":"PRODUCTNAME","type":"varchar","uniqueName":"PRODUCTNAME","label":"PRODUCTNAME","parentObject":"ALC_PRODUCTS","pcType":"STRING","precision":40,"scale":0,"columnIndex":1,"isKey":false,"isExternalId":false,"isSfIdLookup":false,"isNullable":true,"isUnique":false,"isCreateable":false,"isUpdateable":true,"isFilterable":true,"isCalculated":false,"showLabel":false,"naturalOrder":1,"linkedFields":["PRODUCTNAME"],"relatedInfos":[],"references":[]},"expression":"PRODUCTNAME"},{"@type":"fieldMap","id":"18017789","targetField":{"@type":"field","id":105449009,"name":"SUPPLIERID","type":"integer","uniqueName":"SUPPLIERID","label":"SUPPLIERID","parentObject":"ALC_PRODUCTS","pcType":"INT","precision":10,"scale":0,"columnIndex":2,"isKey":false,"isExternalId":false,"isSfIdLookup":false,"isNullable":true,"isUnique":false,"isCreateable":false,"isUpdateable":true,"isFilterable":true,"isCalculated":false,"showLabel":false,"naturalOrder":2,"linkedFields":["SUPPLIERID"],"relatedInfos":[],"references":[]},"expression":"SUPPLIERID"},{"@type":"fieldMap","id":"18017791","targetField":{"@type":"field","id":105449011,"name":"CATEGORYID","type":"integer","uniqueName":"CATEGORYID","label":"CATEGORYID","parentObject":"ALC_PRODUCTS","pcType":"INT","precision":10,"scale":0,"columnIndex":3,"isKey":false,"isExternalId":false,"isSfIdLookup":false,"isNullable":true,"isUnique":false,"isCreateable":false,"isUpdateable":true,"isFilterable":true,"isCalculated":false,"showLabel":false,"naturalOrder":3,"linkedFields":["CATEGORYID"],"relatedInfos":[],"references":[]},"expression":"CATEGORYID"},{"@type":"fieldMap","id":"18017793","targetField":{"@type":"field","id":105449013,"name":"QUANTITYPERUNIT","type":"varchar","uniqueName":"QUANTITYPERUNIT","label":"QUANTITYPERUNIT","parentObject":"ALC_PRODUCTS","pcType":"STRING","precision":20,"scale":0,"columnIndex":4,"isKey":false,"isExternalId":false,"isSfIdLookup":false,"isNullable":true,"isUnique":false,"isCreateable":false,"isUpdateable":true,"isFilterable":true,"isCalculated":false,"showLabel":false,"naturalOrder":4,"linkedFields":["QUANTITYPERUNIT"],"relatedInfos":[],"references":[]},"expression":"QUANTITYPERUNIT"},{"@type":"fieldMap","id":"18017795","targetField":{"@type":"field","id":105449015,"name":"UNITPRICE","type":"decimal","uniqueName":"UNITPRICE","label":"UNITPRICE","parentObject":"ALC_PRODUCTS","pcType":"HIPRECDECIMAL","precision":10,"scale":4,"columnIndex":5,"isKey":false,"isExternalId":false,"isSfIdLookup":false,"isNullable":true,"isUnique":false,"isCreateable":false,"isUpdateable":true,"isFilterable":true,"isCalculated":false,"showLabel":false,"naturalOrder":5,"linkedFields":["UNITPRICE"],"relatedInfos":[],"references":[]},"expression":"UNITPRICE"},{"@type":"fieldMap","id":"18017797","targetField":{"@type":"field","id":105449017,"name":"UNITSINSTOCK","type":"integer","uniqueName":"UNITSINSTOCK","label":"UNITSINSTOCK","parentObject":"ALC_PRODUCTS","pcType":"INT","precision":10,"scale":0,"columnIndex":6,"isKey":false,"isExternalId":false,"isSfIdLookup":false,"isNullable":true,"isUnique":false,"isCreateable":false,"isUpdateable":true,"isFilterable":true,"isCalculated":false,"showLabel":false,"naturalOrder":6,"linkedFields":["UNITSINSTOCK"],"relatedInfos":[],"references":[]},"expression":"UNITSINSTOCK"},{"@type":"fieldMap","id":"18017799","targetField":{"@type":"field","id":105449019,"name":"UNITSONORDER","type":"integer","uniqueName":"UNITSONORDER","label":"UNITSONORDER","parentObject":"ALC_PRODUCTS","pcType":"INT","precision":10,"scale":0,"columnIndex":7,"isKey":false,"isExternalId":false,"isSfIdLookup":false,"isNullable":true,"isUnique":false,"isCreateable":false,"isUpdateable":true,"isFilterable":true,"isCalculated":false,"showLabel":false,"naturalOrder":7,"linkedFields":["UNITSONORDER"],"relatedInfos":[],"references":[]},"expression":"UNITSONORDER"},{"@type":"fieldMap","id":"18017801","targetField":{"@type":"field","id":105449021,"name":"REORDERLEVEL","type":"integer","uniqueName":"REORDERLEVEL","label":"REORDERLEVEL","parentObject":"ALC_PRODUCTS","pcType":"INT","precision":10,"scale":0,"columnIndex":8,"isKey":false,"isExternalId":false,"isSfIdLookup":false,"isNullable":true,"isUnique":false,"isCreateable":false,"isUpdateable":true,"isFilterable":true,"isCalculated":false,"showLabel":false,"naturalOrder":8,"linkedFields":["REORDERLEVEL"],"relatedInfos":[],"references":[]},"expression":"REORDERLEVEL"},{"@type":"fieldMap","id":"18017803","targetField":{"@type":"field","id":105449023,"name":"DISCONTINUED","type":"integer","uniqueName":"DISCONTINUED","label":"DISCONTINUED","parentObject":"ALC_PRODUCTS","pcType":"INT","precision":10,"scale":0,"columnIndex":9,"isKey":false,"isExternalId":false,"isSfIdLookup":false,"isNullable":true,"isUnique":false,"isCreateable":false,"isUpdateable":true,"isFilterable":true,"isCalculated":false,"showLabel":false,"naturalOrder":9,"linkedFields":["DISCONTINUED"],"relatedInfos":[],"references":[]},"expression":"DISCONTINUED"}],"sourceFields":[{"@type":"field","id":105449025,"name":"PRODUCTID","type":"integer","uniqueName":"PRODUCTID","label":"PRODUCTID","parentObject":"ALC_PRODUCTS","pcType":"INT","precision":10,"scale":0,"columnIndex":0,"isKey":false,"isExternalId":false,"isSfIdLookup":false,"isNullable":true,"isUnique":false,"isCreateable":false,"isUpdateable":true,"isFilterable":true,"isCalculated":false,"showLabel":false,"naturalOrder":0,"linkedFields":["PRODUCTID"],"relatedInfos":[],"references":[]},{"@type":"field","id":105449027,"name":"PRODUCTNAME","type":"varchar","uniqueName":"PRODUCTNAME","label":"PRODUCTNAME","parentObject":"ALC_PRODUCTS","pcType":"STRING","precision":40,"scale":0,"columnIndex":1,"isKey":false,"isExternalId":false,"isSfIdLookup":false,"isNullable":true,"isUnique":false,"isCreateable":false,"isUpdateable":true,"isFilterable":true,"isCalculated":false,"showLabel":false,"naturalOrder":1,"linkedFields":["PRODUCTNAME"],"relatedInfos":[],"references":[]},{"@type":"field","id":105449029,"name":"SUPPLIERID","type":"integer","uniqueName":"SUPPLIERID","label":"SUPPLIERID","parentObject":"ALC_PRODUCTS","pcType":"INT","precision":10,"scale":0,"columnIndex":2,"isKey":false,"isExternalId":false,"isSfIdLookup":false,"isNullable":true,"isUnique":false,"isCreateable":false,"isUpdateable":true,"isFilterable":true,"isCalculated":false,"showLabel":false,"naturalOrder":2,"linkedFields":["SUPPLIERID"],"relatedInfos":[],"references":[]},{"@type":"field","id":105449031,"name":"CATEGORYID","type":"integer","uniqueName":"CATEGORYID","label":"CATEGORYID","parentObject":"ALC_PRODUCTS","pcType":"INT","precision":10,"scale":0,"columnIndex":3,"isKey":false,"isExternalId":false,"isSfIdLookup":false,"isNullable":true,"isUnique":false,"isCreateable":false,"isUpdateable":true,"isFilterable":true,"isCalculated":false,"showLabel":false,"naturalOrder":3,"linkedFields":["CATEGORYID"],"relatedInfos":[],"references":[]},{"@type":"field","id":105449033,"name":"QUANTITYPERUNIT","type":"varchar","uniqueName":"QUANTITYPERUNIT","label":"QUANTITYPERUNIT","parentObject":"ALC_PRODUCTS","pcType":"STRING","precision":20,"scale":0,"columnIndex":4,"isKey":false,"isExternalId":false,"isSfIdLookup":false,"isNullable":true,"isUnique":false,"isCreateable":false,"isUpdateable":true,"isFilterable":true,"isCalculated":false,"showLabel":false,"naturalOrder":4,"linkedFields":["QUANTITYPERUNIT"],"relatedInfos":[],"references":[]},{"@type":"field","id":105449035,"name":"UNITPRICE","type":"decimal","uniqueName":"UNITPRICE","label":"UNITPRICE","parentObject":"ALC_PRODUCTS","pcType":"HIPRECDECIMAL","precision":10,"scale":4,"columnIndex":5,"isKey":false,"isExternalId":false,"isSfIdLookup":false,"isNullable":true,"isUnique":false,"isCreateable":false,"isUpdateable":true,"isFilterable":true,"isCalculated":false,"showLabel":false,"naturalOrder":5,"linkedFields":["UNITPRICE"],"relatedInfos":[],"references":[]},{"@type":"field","id":105449037,"name":"UNITSINSTOCK","type":"integer","uniqueName":"UNITSINSTOCK","label":"UNITSINSTOCK","parentObject":"ALC_PRODUCTS","pcType":"INT","precision":10,"scale":0,"columnIndex":6,"isKey":false,"isExternalId":false,"isSfIdLookup":false,"isNullable":true,"isUnique":false,"isCreateable":false,"isUpdateable":true,"isFilterable":true,"isCalculated":false,"showLabel":false,"naturalOrder":6,"linkedFields":["UNITSINSTOCK"],"relatedInfos":[],"references":[]},{"@type":"field","id":105449039,"name":"UNITSONORDER","type":"integer","uniqueName":"UNITSONORDER","label":"UNITSONORDER","parentObject":"ALC_PRODUCTS","pcType":"INT","precision":10,"scale":0,"columnIndex":7,"isKey":false,"isExternalId":false,"isSfIdLookup":false,"isNullable":true,"isUnique":false,"isCreateable":false,"isUpdateable":true,"isFilterable":true,"isCalculated":false,"showLabel":false,"naturalOrder":7,"linkedFields":["UNITSONORDER"],"relatedInfos":[],"references":[]},{"@type":"field","id":105449041,"name":"REORDERLEVEL","type":"integer","uniqueName":"REORDERLEVEL","label":"REORDERLEVEL","parentObject":"ALC_PRODUCTS","pcType":"INT","precision":10,"scale":0,"columnIndex":8,"isKey":false,"isExternalId":false,"isSfIdLookup":false,"isNullable":true,"isUnique":false,"isCreateable":false,"isUpdateable":true,"isFilterable":true,"isCalculated":false,"showLabel":false,"naturalOrder":8,"linkedFields":["REORDERLEVEL"],"relatedInfos":[],"references":[]},{"@type":"field","id":105449043,"name":"DISCONTINUED","type":"integer","uniqueName":"DISCONTINUED","label":"DISCONTINUED","parentObject":"ALC_PRODUCTS","pcType":"INT","precision":10,"scale":0,"columnIndex":9,"isKey":false,"isExternalId":false,"isSfIdLookup":false,"isNullable":true,"isUnique":false,"isCreateable":false,"isUpdateable":true,"isFilterable":true,"isCalculated":false,"showLabel":false,"naturalOrder":9,"linkedFields":["DISCONTINUED"],"relatedInfos":[],"references":[]}],"sortFields":[],"groupFields":[]}]