[{"@type":"masterTemplate","id":"@1","name":"Visio_inlineActionDepen","description":"test1","diFileRecordId":"@2","parameters":[{"@type":"mtParameter","id":28137,"name":"$Src$","type":"SOURCE","label":"$Src$","description":"","uiProperties":{}},{"@type":"mtParameter","id":28139,"name":"$Src1$","type":"SOURCE","label":"$Src1$","description":"","uiProperties":{}},{"@type":"mtParameter","id":28141,"name":"$Tgt$","type":"TARGET","label":"$Tgt$","description":"","uiProperties":{}}],"sessionAttrs":{},"wizardMetadata":{"@type":"mtWizardMetadata","steps":[]}}]