[{"@type":"workflow","id":"@1","name":"LTF_inlineActionDepen","maxLogs":10,"references":[{"@type":"reference","refObjectId":"@hAKckHaM2OOjMzG9DK0gap","refType":"mtTask"},{"@type":"reference","refObjectId":"@5skDw0ZCpTIkDzwGRkk0sW","refType":"dssTask"},{"@type":"reference","refObjectId":"@41QetSd0Lg6l9jIVK6FyU8","refType":"drsTask"},{"@type":"reference","refObjectId":"@chgihpDqIi5hW7Pq8eS50G","refType":"pcsTask"}],"tasks":[{"@type":"workflowTask","taskId":"@hAKckHaM2OOjMzG9DK0gap","type":"MTT","name":"MCT_inlineActionDepen","stopOnError":false,"stopOnWarning":false},{"@type":"workflowTask","taskId":"@5skDw0ZCpTIkDzwGRkk0sW","type":"DSS","name":"dss_inlineActionDepen","stopOnError":false,"stopOnWarning":false},{"@type":"workflowTask","taskId":"@41QetSd0Lg6l9jIVK6FyU8","type":"DRS","name":"drs_inlineActionDepen","stopOnError":false,"stopOnWarning":false},{"@type":"workflowTask","taskId":"@chgihpDqIi5hW7Pq8eS50G","type":"PCS","name":"PCS_inlineActionDepen","stopOnError":false,"stopOnWarning":false}]}]