[{"@type":"workflow","id":"@1","name":"LTF_inlineActionDepen","maxLogs":10,"references":[{"@type":"reference","refObjectId":"@ijHFpD2kYsydGvNVkzSLog","refType":"mtTask"},{"@type":"reference","refObjectId":"@gICLbogjG64de7BZKCUmuY","refType":"dssTask"},{"@type":"reference","refObjectId":"@9lejk4JXoTDj7ZoM561XiJ","refType":"drsTask"},{"@type":"reference","refObjectId":"@0rPt9aD6KkNkVUOy4WQJyp","refType":"pcsTask"}],"tasks":[{"@type":"workflowTask","taskId":"@ijHFpD2kYsydGvNVkzSLog","type":"MTT","name":"MCT_inlineActionDepen","stopOnError":false,"stopOnWarning":false},{"@type":"workflowTask","taskId":"@gICLbogjG64de7BZKCUmuY","type":"DSS","name":"dss_inlineActionDepen","stopOnError":false,"stopOnWarning":false},{"@type":"workflowTask","taskId":"@9lejk4JXoTDj7ZoM561XiJ","type":"DRS","name":"drs_inlineActionDepen","stopOnError":false,"stopOnWarning":false},{"@type":"workflowTask","taskId":"@0rPt9aD6KkNkVUOy4WQJyp","type":"PCS","name":"PCS_inlineActionDepen","stopOnError":false,"stopOnWarning":false}]}]