[{"@type":"workflow","id":"@1","name":"LTF_inlineActionDepen","maxLogs":10,"references":[{"@type":"reference","refObjectId":"@eQQsr91Sdetbf0xRxVU6Y6","refType":"mtTask"},{"@type":"reference","refObjectId":"@2cua94dLCoGlcOEOAI7uO6","refType":"dssTask"},{"@type":"reference","refObjectId":"@3cHNUtL2wexgZ7BknL9aAM","refType":"drsTask"},{"@type":"reference","refObjectId":"@16MIzk6z6bJeGdZ4kcYvuF","refType":"pcsTask"}],"tasks":[{"@type":"workflowTask","taskId":"@eQQsr91Sdetbf0xRxVU6Y6","type":"MTT","name":"MCT_inlineActionDepen","stopOnError":false,"stopOnWarning":false},{"@type":"workflowTask","taskId":"@2cua94dLCoGlcOEOAI7uO6","type":"DSS","name":"dss_inlineActionDepen","stopOnError":false,"stopOnWarning":false},{"@type":"workflowTask","taskId":"@3cHNUtL2wexgZ7BknL9aAM","type":"DRS","name":"drs_inlineActionDepen","stopOnError":false,"stopOnWarning":false},{"@type":"workflowTask","taskId":"@16MIzk6z6bJeGdZ4kcYvuF","type":"PCS","name":"PCS_inlineActionDepen","stopOnError":false,"stopOnWarning":false}]}]