[{"@type":"workflow","id":"@1","name":"LTF_inlineActionDepen","maxLogs":10,"references":[{"@type":"reference","refObjectId":"@8yrR8JHWsnRhdzt3Yat2UR","refType":"mtTask"},{"@type":"reference","refObjectId":"@2MkXn3eIUDNbUyy5FVPLCP","refType":"dssTask"},{"@type":"reference","refObjectId":"@3vXZKaDMNsbiwWbaEpjCAe","refType":"drsTask"},{"@type":"reference","refObjectId":"@iXXn7TcouyAc2esNg0QL4I","refType":"pcsTask"}],"tasks":[{"@type":"workflowTask","taskId":"@8yrR8JHWsnRhdzt3Yat2UR","type":"MTT","name":"MCT_inlineActionDepen","stopOnError":false,"stopOnWarning":false},{"@type":"workflowTask","taskId":"@2MkXn3eIUDNbUyy5FVPLCP","type":"DSS","name":"dss_inlineActionDepen","stopOnError":false,"stopOnWarning":false},{"@type":"workflowTask","taskId":"@3vXZKaDMNsbiwWbaEpjCAe","type":"DRS","name":"drs_inlineActionDepen","stopOnError":false,"stopOnWarning":false},{"@type":"workflowTask","taskId":"@iXXn7TcouyAc2esNg0QL4I","type":"PCS","name":"PCS_inlineActionDepen","stopOnError":false,"stopOnWarning":false}]}]