[{"@type":"workflow","id":"@1","name":"LTF_inlineActionDepen","maxLogs":10,"references":[{"@type":"reference","refObjectId":"@8FdI1Pt90cxhbA6lUTsvu7","refType":"mtTask"},{"@type":"reference","refObjectId":"@6dIS2beRqKKcsK0i2T95mc","refType":"dssTask"},{"@type":"reference","refObjectId":"@23ysddgs72KeFmBVwH2Qif","refType":"drsTask"},{"@type":"reference","refObjectId":"@7AROKZPfefehmnlxWLRDMe","refType":"pcsTask"}],"tasks":[{"@type":"workflowTask","taskId":"@8FdI1Pt90cxhbA6lUTsvu7","type":"MTT","name":"MCT_inlineActionDepen","stopOnError":false,"stopOnWarning":false},{"@type":"workflowTask","taskId":"@6dIS2beRqKKcsK0i2T95mc","type":"DSS","name":"dss_inlineActionDepen","stopOnError":false,"stopOnWarning":false},{"@type":"workflowTask","taskId":"@23ysddgs72KeFmBVwH2Qif","type":"DRS","name":"drs_inlineActionDepen","stopOnError":false,"stopOnWarning":false},{"@type":"workflowTask","taskId":"@7AROKZPfefehmnlxWLRDMe","type":"PCS","name":"PCS_inlineActionDepen","stopOnError":false,"stopOnWarning":false}]}]