[{"@type":"workflow","id":"@1","name":"LTF_inlineActionDepen","maxLogs":10,"references":[{"@type":"reference","refObjectId":"@8GdAvhqVl5rioxLGl2fxA6","refType":"mtTask"},{"@type":"reference","refObjectId":"@6t5HfvamRwmjZzktVgSRa2","refType":"dssTask"},{"@type":"reference","refObjectId":"@0dXLwW6FACvky4N4ZsQiC4","refType":"drsTask"},{"@type":"reference","refObjectId":"@06HZj66nwizjvUazYW4JK9","refType":"pcsTask"}],"tasks":[{"@type":"workflowTask","taskId":"@8GdAvhqVl5rioxLGl2fxA6","type":"MTT","name":"MCT_inlineActionDepen","stopOnError":false,"stopOnWarning":false},{"@type":"workflowTask","taskId":"@6t5HfvamRwmjZzktVgSRa2","type":"DSS","name":"dss_inlineActionDepen","stopOnError":false,"stopOnWarning":false},{"@type":"workflowTask","taskId":"@0dXLwW6FACvky4N4ZsQiC4","type":"DRS","name":"drs_inlineActionDepen","stopOnError":false,"stopOnWarning":false},{"@type":"workflowTask","taskId":"@06HZj66nwizjvUazYW4JK9","type":"PCS","name":"PCS_inlineActionDepen","stopOnError":false,"stopOnWarning":false}]}]