[{"@type":"workflow","id":"@1","name":"LTF_inlineActionDepen","maxLogs":10,"references":[{"@type":"reference","refObjectId":"@3aLZCHi3YQMdmI2nzS6xsx","refType":"mtTask"},{"@type":"reference","refObjectId":"@fXUus0BZs0Hcs7PMSu3UYn","refType":"dssTask"},{"@type":"reference","refObjectId":"@0wc1NAqLCl3d6AnxCLoD0F","refType":"drsTask"},{"@type":"reference","refObjectId":"@3SBmoZ2WUPnl57CBYrkNmc","refType":"pcsTask"}],"tasks":[{"@type":"workflowTask","taskId":"@3aLZCHi3YQMdmI2nzS6xsx","type":"MTT","name":"MCT_inlineActionDepen","stopOnError":false,"stopOnWarning":false},{"@type":"workflowTask","taskId":"@fXUus0BZs0Hcs7PMSu3UYn","type":"DSS","name":"dss_inlineActionDepen","stopOnError":false,"stopOnWarning":false},{"@type":"workflowTask","taskId":"@0wc1NAqLCl3d6AnxCLoD0F","type":"DRS","name":"drs_inlineActionDepen","stopOnError":false,"stopOnWarning":false},{"@type":"workflowTask","taskId":"@3SBmoZ2WUPnl57CBYrkNmc","type":"PCS","name":"PCS_inlineActionDepen","stopOnError":false,"stopOnWarning":false}]}]