[{"@type":"workflow","id":"@1","name":"LTF_inlineActionDepen","maxLogs":10,"references":[{"@type":"reference","refObjectId":"@0cCBW2gxlq5jL0lzRxwFYR","refType":"mtTask"},{"@type":"reference","refObjectId":"@1VStM7OvvxCiAyoF15ln0p","refType":"dssTask"},{"@type":"reference","refObjectId":"@98OIm0PZSM7ka68usKnt8H","refType":"drsTask"},{"@type":"reference","refObjectId":"@l8gyN20YhItl0uQJJnEnAb","refType":"pcsTask"}],"tasks":[{"@type":"workflowTask","taskId":"@0cCBW2gxlq5jL0lzRxwFYR","type":"MTT","name":"MCT_inlineActionDepen","stopOnError":false,"stopOnWarning":false},{"@type":"workflowTask","taskId":"@1VStM7OvvxCiAyoF15ln0p","type":"DSS","name":"dss_inlineActionDepen","stopOnError":false,"stopOnWarning":false},{"@type":"workflowTask","taskId":"@98OIm0PZSM7ka68usKnt8H","type":"DRS","name":"drs_inlineActionDepen","stopOnError":false,"stopOnWarning":false},{"@type":"workflowTask","taskId":"@l8gyN20YhItl0uQJJnEnAb","type":"PCS","name":"PCS_inlineActionDepen","stopOnError":false,"stopOnWarning":false}]}]