[{"@type":"workflow","id":"@1","name":"LTF_inlineActionDepen","maxLogs":10,"references":[{"@type":"reference","refObjectId":"@aJ4LGQDrBi7h4dBRUJEdiJ","refType":"mtTask"},{"@type":"reference","refObjectId":"@lwRr9ShX6cfdws0L2dAVIo","refType":"dssTask"},{"@type":"reference","refObjectId":"@ko1tr5N9rOYgb13kS7lHa8","refType":"drsTask"},{"@type":"reference","refObjectId":"@1ff01i9LWaRe45cH1hFk23","refType":"pcsTask"}],"tasks":[{"@type":"workflowTask","taskId":"@aJ4LGQDrBi7h4dBRUJEdiJ","type":"MTT","name":"MCT_inlineActionDepen","stopOnError":false,"stopOnWarning":false},{"@type":"workflowTask","taskId":"@lwRr9ShX6cfdws0L2dAVIo","type":"DSS","name":"dss_inlineActionDepen","stopOnError":false,"stopOnWarning":false},{"@type":"workflowTask","taskId":"@ko1tr5N9rOYgb13kS7lHa8","type":"DRS","name":"drs_inlineActionDepen","stopOnError":false,"stopOnWarning":false},{"@type":"workflowTask","taskId":"@1ff01i9LWaRe45cH1hFk23","type":"PCS","name":"PCS_inlineActionDepen","stopOnError":false,"stopOnWarning":false}]}]