[{"@type":"workflow","id":"@1","name":"LTF_inlineActionDepen","maxLogs":10,"references":[{"@type":"reference","refObjectId":"@8zaZayLogUDlKpZodzdsyz","refType":"mtTask"},{"@type":"reference","refObjectId":"@jSwZjdXYz2sdRMGDMteqYE","refType":"dssTask"},{"@type":"reference","refObjectId":"@apLDX6z4biLcPwAEU2uKeC","refType":"drsTask"},{"@type":"reference","refObjectId":"@4UWJJkbkdwShBqWG25UoU0","refType":"pcsTask"}],"tasks":[{"@type":"workflowTask","taskId":"@8zaZayLogUDlKpZodzdsyz","type":"MTT","name":"MCT_inlineActionDepen","stopOnError":false,"stopOnWarning":false},{"@type":"workflowTask","taskId":"@jSwZjdXYz2sdRMGDMteqYE","type":"DSS","name":"dss_inlineActionDepen","stopOnError":false,"stopOnWarning":false},{"@type":"workflowTask","taskId":"@apLDX6z4biLcPwAEU2uKeC","type":"DRS","name":"drs_inlineActionDepen","stopOnError":false,"stopOnWarning":false},{"@type":"workflowTask","taskId":"@4UWJJkbkdwShBqWG25UoU0","type":"PCS","name":"PCS_inlineActionDepen","stopOnError":false,"stopOnWarning":false}]}]