[{"@type":"workflow","id":"@1","name":"LTF_inlineActionDepen","maxLogs":10,"references":[{"@type":"reference","refObjectId":"@bTzvcWBXRYQezvnB1lYcUj","refType":"mtTask"},{"@type":"reference","refObjectId":"@2ZVtU3StyLZb5dPpYCc62u","refType":"dssTask"},{"@type":"reference","refObjectId":"@1CHlQP1fGvecFB8X6OC0o9","refType":"drsTask"},{"@type":"reference","refObjectId":"@1j7SwhXjS6BjNTozB57uw9","refType":"pcsTask"}],"tasks":[{"@type":"workflowTask","taskId":"@bTzvcWBXRYQezvnB1lYcUj","type":"MTT","name":"MCT_inlineActionDepen","stopOnError":false,"stopOnWarning":false},{"@type":"workflowTask","taskId":"@2ZVtU3StyLZb5dPpYCc62u","type":"DSS","name":"dss_inlineActionDepen","stopOnError":false,"stopOnWarning":false},{"@type":"workflowTask","taskId":"@1CHlQP1fGvecFB8X6OC0o9","type":"DRS","name":"drs_inlineActionDepen","stopOnError":false,"stopOnWarning":false},{"@type":"workflowTask","taskId":"@1j7SwhXjS6BjNTozB57uw9","type":"PCS","name":"PCS_inlineActionDepen","stopOnError":false,"stopOnWarning":false}]}]