[{"@type":"workflow","id":"@1","name":"LTF_inlineActionDepen","maxLogs":10,"references":[{"@type":"reference","refObjectId":"@9Ax0PHpyQwukvsE8duME01","refType":"mtTask"},{"@type":"reference","refObjectId":"@6P2zRHWjdUcgr7Q1q8HheK","refType":"dssTask"},{"@type":"reference","refObjectId":"@2P4b9jZYpr7ctIF9F8iikE","refType":"drsTask"},{"@type":"reference","refObjectId":"@cdMQYFKVoUuiduzKnBfa2E","refType":"pcsTask"}],"tasks":[{"@type":"workflowTask","taskId":"@9Ax0PHpyQwukvsE8duME01","type":"MTT","name":"MCT_inlineActionDepen","stopOnError":false,"stopOnWarning":false},{"@type":"workflowTask","taskId":"@6P2zRHWjdUcgr7Q1q8HheK","type":"DSS","name":"dss_inlineActionDepen","stopOnError":false,"stopOnWarning":false},{"@type":"workflowTask","taskId":"@2P4b9jZYpr7ctIF9F8iikE","type":"DRS","name":"drs_inlineActionDepen","stopOnError":false,"stopOnWarning":false},{"@type":"workflowTask","taskId":"@cdMQYFKVoUuiduzKnBfa2E","type":"PCS","name":"PCS_inlineActionDepen","stopOnError":false,"stopOnWarning":false}]}]