[{"@type":"mappingTemplate","id":"@1","name":"VCS_OtherLanguages_CMD_सह_ねがいします_çãâàá","description":"Pod Certification Task: Mapping has a src and a target. ","bundleVersion":"0","templateId":"@3","deployTime":1626620452000,"hasParameters":false,"valid":true,"fixedConnection":true,"hasParametersDeployed":false,"fixedConnectionDeployed":true,"tasks":0,"mappingPreviewFileRecordId":"@2","references":[{"@type":"reference","refObjectId":"@dZEA7Kp4iIBg93B3PZXBe7","refType":"connection"},{"@type":"reference","refObjectId":"@6hTLMlyUD4kfaF1uidwXWH","refType":"connection"}]}]