[{"@type":"mappingTemplate","id":"@1","name":"CMD_CSVSRc_OracleTgt_MockConn","description":"","bundleVersion":"0","templateId":"@3","deployTime":1582233674000,"hasParameters":false,"valid":true,"fixedConnection":true,"hasParametersDeployed":false,"fixedConnectionDeployed":true,"tasks":0,"mappingPreviewFileRecordId":"@2","documentType":"","references":[{"@type":"reference","refObjectId":"@8L824kP4I2tde0xIs9MzCI","refType":"connection"},{"@type":"reference","refObjectId":"@3xERLnswXzkkcR0fPw2MsE","refType":"connection"}]}]