[{"@type":"mtTask","id":"@1","name":"MCT_TgtParam_SystemParam","description":"","runtimeEnvironmentId":"@138hcFYFPIoc41h6HHLOcv","maxLogs":10,"verbose":false,"lastRunTime":1566932078000,"mappingId":"@2miHFiUKeybhXACZDjReAC","shortDescription":"","sessionProperties":{},"enableCrossSchemaPushdown":true,"parameterFileName":"param.properties","parameters":[{"@type":"mtTaskParameter","id":12189277,"name":"$Source$","type":"EXTENDED_SOURCE","label":"Source","uiProperties":{"connectionParameterized":"false","isMsrcFilterParameterized":"false","isMsrcSortParameterized":"false","objectParameterized":"false","visible":"false"},"sourceConnectionId":"@3snot59rqo9jydcpS5BqC6","newFlatFile":false,"newObject":false,"showBusinessNames":false,"naturalOrder":true,"truncateTarget":false,"bulkApiDBTarget":false,"srcFFAttrs":{"@type":"flatFileAttrs","id":2323804,"delimiter":",","textQualifier":"\"","escapeChar":"","headerLineNo":1,"firstDataRow":2},"customFuncCfg":{"@type":"customFuncConfig","id":-1,"connections":[],"inputMap":[],"outputFields":[]},"tgtFieldRefs":{},"targetUpdateColumns":[],"extendedObject":{"@type":"extendedObject","object":{"@type":"mObject","name":"emp.csv","label":"emp.csv","metadataUpdated":false,"relations":[],"children":[]},"filters":[],"sortFields":[]},"runtimeAttrs":{},"isRESTModernSource":true,"isFileList":false,"handleSpecialChars":false,"frsAsset":false,"fetchMode":"ORIGINAL","tgtObjectAttributes":{},"runtimeParameterData":{"@type":"mtTaskRuntimeParameterData","isConnectionRuntimeParameter":false,"isObjectRuntimeParameter":false},"overriddenFields":[]},{"@type":"mtTaskParameter","id":12189278,"name":"$Target$","type":"TARGET","label":"TGT_In","description":"","uiProperties":{"cnxtype":"Flat File","connectionParameterized":"true","logcnx":"TGT_In","default":"$Target","objectParameterized":"false","visible":"false","defaultTargetUpdateColumns":""},"targetConnectionId":"@6dwBBJfmV2HiVgxY3BeL6h","targetObject":"$Target","targetObjectLabel":"abc.csv","newFlatFile":false,"newObject":true,"showBusinessNames":true,"naturalOrder":true,"newObjectName":"$Target","truncateTarget":false,"bulkApiDBTarget":false,"operationType":"Insert","tgtFFAttrs":{"@type":"flatFileAttrs","id":2323805,"delimiter":",","textQualifier":"\"","escapeChar":"","headerLineNo":1},"customFuncCfg":{"@type":"customFuncConfig","id":-1,"connections":[],"inputMap":[],"outputFields":[]},"tgtFieldRefs":{},"targetUpdateColumns":[],"extendedObject":{"@type":"extendedObject","filters":[],"sortFields":[]},"runtimeAttrs":{},"isRESTModernSource":true,"isFileList":false,"handleSpecialChars":true,"frsAsset":false,"fetchMode":"ORIGINAL","tgtObjectAttributes":{},"runtimeParameterData":{"@type":"mtTaskRuntimeParameterData","isConnectionRuntimeParameter":true,"isObjectRuntimeParameter":false,"connectionParameterName":"TGT_In"},"overriddenFields":[]}],"sequences":[],"inOutParameters":[],"connRuntimeAttrs":[]}]