[{"@type":"drsTask","id":"@1","name":"forceUndoCheckout_nonadmin_DRS","maxLogs":10,"sourceConnectionId":"@lASUKz52ioIkzFb6paAJwY","targetConnectionId":"@9DDWcU9YO8gcuoWuy12mUT","tablePrefix":"UndoCO_","verbose":false,"fullRefresh":true,"replicateAllObjects":false,"removeDeleted":true,"queryAll":false,"srcShowLabels":false,"maxRows":0,"stopOnError":true,"replicationObjects":["ALC_PRODUCTS"],"excludedReplicationObjects":[],"majorUpdateTime":1613002957000,"metadataMode":0,"bulkApi":false,"base64BodySize":0.0,"bulkApiDBTarget":false,"fieldExclusions":[],"filters":[],"advancedFilters":[],"srcRuntimeAttrs":{"@type":"taskRuntimeAttrs","attrs":{}}}]