[{"@type":"mappingTemplate","id":"@1","name":"Mapping7","description":"","bundleVersion":"0","templateId":"@3","deployTime":1563559313000,"hasParameters":false,"valid":true,"fixedConnection":true,"hasParametersDeployed":false,"fixedConnectionDeployed":true,"tasks":0,"mappingPreviewFileRecordId":"@2","documentType":"","references":[{"@type":"reference","refObjectId":"@3snot59rqo9jydcpS5BqC6","refType":"connection"},{"@type":"reference","refObjectId":"@6dwBBJfmV2HiVgxY3BeL6h","refType":"connection"}]}]