[{"@type":"masterTemplate","id":"@1","name":"VisioT_SRCTGTUnion_TC02","description":"test1","diFileRecordId":"@2","parameters":[{"@type":"mtParameter","id":27957,"name":"$Src1$","type":"SOURCE","label":"$Src1$","description":"","uiProperties":{}},{"@type":"mtParameter","id":27959,"name":"$Src$","type":"SOURCE","label":"$Src$","description":"","uiProperties":{}},{"@type":"mtParameter","id":27961,"name":"$Tgt$","type":"TARGET","label":"$Tgt$","description":"","uiProperties":{}}],"sessionAttrs":{},"wizardMetadata":{"@type":"mtWizardMetadata","steps":[]}}]