[{"@type":"mappingTemplate","id":"@1","name":"Map_DLkp_Intcond_23_ReturnFirstRow","description":"","bundleVersion":"0","templateId":"@3","deployTime":1565825165000,"hasParameters":false,"valid":true,"fixedConnection":true,"hasParametersDeployed":false,"fixedConnectionDeployed":true,"tasks":1,"mappingPreviewFileRecordId":"@2","documentType":"","references":[{"@type":"reference","refObjectId":"@2gPiqYqT7uPceNdrkiElIt","refType":"connection"},{"@type":"reference","refObjectId":"@9zPQEVVUXs8i0xsBgj42c2","refType":"connection"}]}]