[{"@type":"mappingTemplate","id":"@1","name":"CMD_MultiSrcTgt","description":"Both SRC and Tgt Connection and object are parameterized for multiple source and targets","bundleVersion":"0","templateId":"@3","deployTime":1563559316000,"hasParameters":false,"valid":true,"fixedConnection":true,"hasParametersDeployed":false,"fixedConnectionDeployed":true,"tasks":0,"mappingPreviewFileRecordId":"@2","documentType":"","references":[{"@type":"reference","refObjectId":"@4Bz1KlgAkYHlcIjrZMTz27","refType":"connection"},{"@type":"reference","refObjectId":"@3snot59rqo9jydcpS5BqC6","refType":"connection"},{"@type":"reference","refObjectId":"@3N5Wok3dUXeibSxgnnc2MZ","refType":"connection"}]}]