[{"@type":"mappingTemplate","id":"@1","name":"Mapping2","description":"","bundleVersion":"0","templateId":"@3","deployTime":1606929369000,"hasParameters":false,"valid":true,"fixedConnection":true,"hasParametersDeployed":false,"fixedConnectionDeployed":true,"tasks":0,"mappingPreviewFileRecordId":"@2","documentType":"MAPPING","references":[{"@type":"reference","refObjectId":"@54WIZpoLlIFfW8IbZnuX4y","refType":"connection"},{"@type":"reference","refObjectId":"@5hIFDyODIqeglZ5XrVB3IB","refType":"connection"}]}]