[{"@type":"mappingTemplate","id":"@1","name":"VCS_Asset_Mapping_folder","description":"Pod Certification Task: Mapping has a src and a target. ","bundleVersion":"0","templateId":"@3","deployTime":1579714841000,"hasParameters":false,"valid":true,"fixedConnection":true,"hasParametersDeployed":false,"fixedConnectionDeployed":true,"tasks":0,"mappingPreviewFileRecordId":"@2","references":[{"@type":"reference","refObjectId":"@2dpQCT9IO4gcgV8M4QQkIW","refType":"connection"},{"@type":"reference","refObjectId":"@5cHtAj3OZKYhzKW3TubQ8O","refType":"connection"}]}]