[{"@type":"mappingTemplate","id":"@1","name":"CMD_TransfNonParamtr","description":"Older scenario","bundleVersion":"0","templateId":"@3","deployTime":1563559313000,"hasParameters":false,"valid":true,"fixedConnection":true,"hasParametersDeployed":false,"fixedConnectionDeployed":true,"tasks":1,"mappingPreviewFileRecordId":"@2","documentType":"","references":[{"@type":"reference","refObjectId":"@1KG82k3oIfGf0f0j1BW5G6","refType":"connection"},{"@type":"reference","refObjectId":"@3snot59rqo9jydcpS5BqC6","refType":"connection"}]}]