[{"@type":"mtTask","id":"@1","name":"MCT_TgtConnParam_RDBMS","description":"","runtimeEnvironmentId":"@138hcFYFPIoc41h6HHLOcv","maxLogs":10,"verbose":false,"lastRunTime":1566932074000,"mappingId":"@2qdzHoI4Jg0cQCBXXCUroo","shortDescription":"","sessionProperties":{},"enableCrossSchemaPushdown":true,"parameterFileName":"param.properties","parameters":[{"@type":"mtTaskParameter","id":12189260,"name":"$Source$","type":"EXTENDED_SOURCE","label":"SRC_SQL_In","description":"","uiProperties":{"cnxtype":"Oracle Or SQL Server","connectionParameterized":"true","logcnx":"SRC_SQL_In","isMsrcFilterParameterized":"false","isMsrcSortParameterized":"false","objlabel":"Src_SQLObj_Param","objectParameterized":"true","objDesc":""},"sourceConnectionId":"@0gN1EcCS4U7jB5g3bZr2is","newFlatFile":false,"newObject":false,"showBusinessNames":true,"naturalOrder":true,"truncateTarget":false,"bulkApiDBTarget":false,"customFuncCfg":{"@type":"customFuncConfig","id":-1,"connections":[],"inputMap":[],"outputFields":[]},"tgtFieldRefs":{},"targetUpdateColumns":[],"extendedObject":{"@type":"extendedObject","object":{"@type":"mObject","name":"ALC_PRODUCTS","label":"ALC_PRODUCTS","metadataUpdated":false,"relations":[],"children":[]},"filters":[],"sortFields":[]},"runtimeAttrs":{},"isRESTModernSource":true,"isFileList":false,"handleSpecialChars":false,"frsAsset":false,"fetchMode":"ORIGINAL","tgtObjectAttributes":{},"runtimeParameterData":{"@type":"mtTaskRuntimeParameterData","isConnectionRuntimeParameter":true,"isObjectRuntimeParameter":true,"connectionParameterName":"SRC_SQL_In","objectParameterName":"Src_SQLObj_Param"},"overriddenFields":[]},{"@type":"mtTaskParameter","id":12189261,"name":"$Target$","type":"TARGET","label":"TGT_SQL_In","description":"","uiProperties":{"cnxtype":"Oracle Or SQL Server","connectionParameterized":"true","logcnx":"TGT_SQL_In","default":"OUT_PRODUCTS2","objectParameterized":"false","visible":"false","defaultTargetUpdateColumns":""},"targetConnectionId":"@0gN1EcCS4U7jB5g3bZr2is","targetObject":"OUT_PRODUCTS2","targetObjectLabel":"OUT_PRODUCTS2","newFlatFile":false,"newObject":true,"showBusinessNames":true,"naturalOrder":true,"newObjectName":"OUT_PRODUCTS2","truncateTarget":false,"bulkApiDBTarget":false,"operationType":"Insert","customFuncCfg":{"@type":"customFuncConfig","id":-1,"connections":[],"inputMap":[],"outputFields":[]},"tgtFieldRefs":{},"targetUpdateColumns":[],"extendedObject":{"@type":"extendedObject","filters":[],"sortFields":[]},"runtimeAttrs":{},"isRESTModernSource":true,"isFileList":false,"handleSpecialChars":false,"frsAsset":false,"fetchMode":"ORIGINAL","tgtObjectAttributes":{},"runtimeParameterData":{"@type":"mtTaskRuntimeParameterData","isConnectionRuntimeParameter":true,"isObjectRuntimeParameter":false,"connectionParameterName":"TGT_SQL_In"},"overriddenFields":[]}],"sequences":[],"inOutParameters":[],"connRuntimeAttrs":[]}]