[{"@type":"mappingTemplate","id":"@1","name":"Mapping5","description":"","bundleVersion":"0","templateId":"@3","deployTime":1569264101000,"hasParameters":false,"valid":true,"fixedConnection":true,"hasParametersDeployed":false,"fixedConnectionDeployed":true,"tasks":1,"mappingPreviewFileRecordId":"@2","documentType":"","references":[{"@type":"reference","refObjectId":"@3HVb2RpRIgpcwXyuHdjqA4","refType":"connection"},{"@type":"reference","refObjectId":"@47vLUhRGWVBd4FvzD7ZqII","refType":"connection"}]}]