[{"@type":"mappingTemplate","id":"@1","name":"CMD_MockConn_SFDC","description":"","bundleVersion":"0","templateId":"@3","deployTime":1582306616000,"hasParameters":false,"valid":true,"fixedConnection":true,"hasParametersDeployed":false,"fixedConnectionDeployed":true,"tasks":2,"mappingPreviewFileRecordId":"@2","documentType":"","references":[{"@type":"reference","refObjectId":"@2nZR0D50OqgbIYEkiyon29","refType":"connection"},{"@type":"reference","refObjectId":"@6D1PEqS421yc5VFBAdpFou","refType":"connection"}]}]