[{"@type":"drsTask","id":"@1","name":"drs_inlineActionDepen","maxLogs":10,"sourceConnectionId":"@6sJRBUNWdqwgvtjUEbfbqd","targetConnectionId":"@a0aqDQiGv6TkUofuNQpDsJ","tablePrefix":"SF_out42","verbose":false,"fullRefresh":true,"replicateAllObjects":true,"removeDeleted":true,"queryAll":false,"srcShowLabels":false,"maxRows":0,"stopOnError":true,"replicationObjects":[],"excludedReplicationObjects":[],"majorUpdateTime":1579036962000,"metadataMode":0,"bulkApi":false,"base64BodySize":0.0,"bulkApiDBTarget":false,"fieldExclusions":[],"filters":[],"advancedFilters":[],"srcRuntimeAttrs":{"@type":"taskRuntimeAttrs","attrs":{}}}]