[{"@type":"dssTask","id":"@1","name":"DSS_MockConn","description":"","maxLogs":10,"sourceConnectionId":"@bVl9dXT08myjeptKHQXjY2","targetConnectionId":"@1ePKbi7q9s8i9wKPdbocQB","targetObject":"Lead.csv","targetObjectLabel":"Lead.csv","operation":"Insert","maxRows":0,"truncateTarget":false,"bulkApiDBTarget":false,"verbose":true,"targetMetadataUpdated":false,"modelVersion":"V3-R600","queryAll":false,"srcSettings":{"@type":"taskDataSourceSetting","isShowLabels":true,"isNaturalOrder":true},"tgtSettings":{"@type":"taskDataSourceSetting","isShowLabels":true,"isNaturalOrder":true},"cfSettings":{"@type":"taskDataSourceSetting","isShowLabels":false,"isNaturalOrder":true},"bulkApi":false,"bulkApiSerialMode":false,"bulkApiMonitor":false,"isTargetObjectSfCustom":false,"allowNullUpdates":false,"targetBatchSize":200,"assignmentRuleId":"-1","assignmentRuleType":"None","createSuccessFile":false,"bulkApiHardDelete":false,"srcRuntimeAttrs":{"@type":"taskRuntimeAttrs","attrs":{}},"tgtRuntimeAttrs":{"@type":"taskRuntimeAttrs","attrs":{"Error File Directory":"","Success File Directory":""}},"parameterFileEncoding":"UTF-8","sourceObjects":[{"@type":"mObject","name":"My_Marketo_Leads.csv","label":"My_Marketo_Leads.csv","metadataUpdated":false,"relations":[],"children":[]}],"advancedFilters":[],"filters":[],"fieldMaps":[{"@type":"fieldMap","id":"19175129","targetField":{"@type":"field","id":108662179,"name":"Company","type":"string","uniqueName":"Company","label":"Company","parentObject":"Lead.csv","pcType":"NSTRING","precision":256,"scale":0,"columnIndex":-1,"isKey":false,"isExternalId":false,"isSfIdLookup":false,"isNullable":true,"isUnique":false,"isCreateable":false,"isUpdateable":true,"isFilterable":true,"isCalculated":false,"javaType":"java.lang.String","showLabel":true,"naturalOrder":0,"linkedFields":["Company"],"relatedInfos":[],"references":[]},"expression":"Company"},{"@type":"fieldMap","id":"19175131","targetField":{"@type":"field","id":108662181,"name":"billingStreet","type":"string","uniqueName":"billingStreet","label":"billingStreet","parentObject":"Lead.csv","pcType":"NSTRING","precision":256,"scale":0,"columnIndex":-1,"isKey":false,"isExternalId":false,"isSfIdLookup":false,"isNullable":true,"isUnique":false,"isCreateable":false,"isUpdateable":true,"isFilterable":true,"isCalculated":false,"javaType":"java.lang.String","showLabel":true,"naturalOrder":1,"linkedFields":["billingStreet"],"relatedInfos":[],"references":[]},"expression":"billingStreet"},{"@type":"fieldMap","id":"19175133","targetField":{"@type":"field","id":108662183,"name":"billingCity","type":"string","uniqueName":"billingCity","label":"billingCity","parentObject":"Lead.csv","pcType":"NSTRING","precision":256,"scale":0,"columnIndex":-1,"isKey":false,"isExternalId":false,"isSfIdLookup":false,"isNullable":true,"isUnique":false,"isCreateable":false,"isUpdateable":true,"isFilterable":true,"isCalculated":false,"javaType":"java.lang.String","showLabel":true,"naturalOrder":2,"linkedFields":["billingCity"],"relatedInfos":[],"references":[]},"expression":"billingCity"},{"@type":"fieldMap","id":"19175135","targetField":{"@type":"field","id":108662185,"name":"billingState","type":"string","uniqueName":"billingState","label":"billingState","parentObject":"Lead.csv","pcType":"NSTRING","precision":256,"scale":0,"columnIndex":-1,"isKey":false,"isExternalId":false,"isSfIdLookup":false,"isNullable":true,"isUnique":false,"isCreateable":false,"isUpdateable":true,"isFilterable":true,"isCalculated":false,"javaType":"java.lang.String","showLabel":true,"naturalOrder":3,"linkedFields":["billingState"],"relatedInfos":[],"references":[]},"expression":"billingState"},{"@type":"fieldMap","id":"19175137","targetField":{"@type":"field","id":108662187,"name":"billingPostalCode","type":"string","uniqueName":"billingPostalCode","label":"billingPostalCode","parentObject":"Lead.csv","pcType":"NSTRING","precision":256,"scale":0,"columnIndex":-1,"isKey":false,"isExternalId":false,"isSfIdLookup":false,"isNullable":true,"isUnique":false,"isCreateable":false,"isUpdateable":true,"isFilterable":true,"isCalculated":false,"javaType":"java.lang.String","showLabel":true,"naturalOrder":4,"linkedFields":["billingPostalCode"],"relatedInfos":[],"references":[]},"expression":"billingPostalCode"},{"@type":"fieldMap","id":"19175139","targetField":{"@type":"field","id":108662189,"name":"billingCountry","type":"string","uniqueName":"billingCountry","label":"billingCountry","parentObject":"Lead.csv","pcType":"NSTRING","precision":256,"scale":0,"columnIndex":-1,"isKey":false,"isExternalId":false,"isSfIdLookup":false,"isNullable":true,"isUnique":false,"isCreateable":false,"isUpdateable":true,"isFilterable":true,"isCalculated":false,"javaType":"java.lang.String","showLabel":true,"naturalOrder":5,"linkedFields":["billingCountry"],"relatedInfos":[],"references":[]},"expression":"billingCountry"},{"@type":"fieldMap","id":"19175141","targetField":{"@type":"field","id":108662191,"name":"firstname","type":"string","uniqueName":"firstname","label":"firstname","parentObject":"Lead.csv","pcType":"NSTRING","precision":256,"scale":0,"columnIndex":-1,"isKey":false,"isExternalId":false,"isSfIdLookup":false,"isNullable":true,"isUnique":false,"isCreateable":false,"isUpdateable":true,"isFilterable":true,"isCalculated":false,"javaType":"java.lang.String","showLabel":true,"naturalOrder":6,"linkedFields":["firstname"],"relatedInfos":[],"references":[]},"expression":"firstname"},{"@type":"fieldMap","id":"19175143","targetField":{"@type":"field","id":108662193,"name":"lastname","type":"string","uniqueName":"lastname","label":"lastname","parentObject":"Lead.csv","pcType":"NSTRING","precision":256,"scale":0,"columnIndex":-1,"isKey":false,"isExternalId":false,"isSfIdLookup":false,"isNullable":true,"isUnique":false,"isCreateable":false,"isUpdateable":true,"isFilterable":true,"isCalculated":false,"javaType":"java.lang.String","showLabel":true,"naturalOrder":7,"linkedFields":["lastname"],"relatedInfos":[],"references":[]},"expression":"lastname"},{"@type":"fieldMap","id":"19175145","targetField":{"@type":"field","id":108662195,"name":"email","type":"string","uniqueName":"email","label":"email","parentObject":"Lead.csv","pcType":"NSTRING","precision":256,"scale":0,"columnIndex":-1,"isKey":false,"isExternalId":false,"isSfIdLookup":false,"isNullable":true,"isUnique":false,"isCreateable":false,"isUpdateable":true,"isFilterable":true,"isCalculated":false,"javaType":"java.lang.String","showLabel":true,"naturalOrder":8,"linkedFields":["email"],"relatedInfos":[],"references":[]},"expression":"email"},{"@type":"fieldMap","id":"19175147","targetField":{"@type":"field","id":108662197,"name":"Phone","type":"string","uniqueName":"Phone","label":"Phone","parentObject":"Lead.csv","pcType":"NSTRING","precision":256,"scale":0,"columnIndex":-1,"isKey":false,"isExternalId":false,"isSfIdLookup":false,"isNullable":true,"isUnique":false,"isCreateable":false,"isUpdateable":true,"isFilterable":true,"isCalculated":false,"javaType":"java.lang.String","showLabel":true,"naturalOrder":9,"linkedFields":["Phone"],"relatedInfos":[],"references":[]},"expression":"Phone"},{"@type":"fieldMap","id":"19175149","targetField":{"@type":"field","id":108662199,"name":"id","type":"string","uniqueName":"id","label":"id","parentObject":"Lead.csv","pcType":"NSTRING","precision":256,"scale":0,"columnIndex":-1,"isKey":false,"isExternalId":false,"isSfIdLookup":false,"isNullable":true,"isUnique":false,"isCreateable":false,"isUpdateable":true,"isFilterable":true,"isCalculated":false,"javaType":"java.lang.String","showLabel":true,"naturalOrder":10,"linkedFields":["id"],"relatedInfos":[],"references":[]},"expression":"id"},{"@type":"fieldMap","id":"19175151","targetField":{"@type":"field","id":108662201,"name":"title","type":"string","uniqueName":"title","label":"title","parentObject":"Lead.csv","pcType":"NSTRING","precision":256,"scale":0,"columnIndex":-1,"isKey":false,"isExternalId":false,"isSfIdLookup":false,"isNullable":true,"isUnique":false,"isCreateable":false,"isUpdateable":true,"isFilterable":true,"isCalculated":false,"javaType":"java.lang.String","showLabel":true,"naturalOrder":11,"linkedFields":["title"],"relatedInfos":[],"references":[]},"expression":"title"},{"@type":"fieldMap","id":"19175153","targetField":{"@type":"field","id":108662203,"name":"isLead","type":"string","uniqueName":"isLead","label":"isLead","parentObject":"Lead.csv","pcType":"NSTRING","precision":256,"scale":0,"columnIndex":-1,"isKey":false,"isExternalId":false,"isSfIdLookup":false,"isNullable":true,"isUnique":false,"isCreateable":false,"isUpdateable":true,"isFilterable":true,"isCalculated":false,"javaType":"java.lang.String","showLabel":true,"naturalOrder":12,"linkedFields":["isLead"],"relatedInfos":[],"references":[]},"expression":"isLead"},{"@type":"fieldMap","id":"19175155","targetField":{"@type":"field","id":108662205,"name":"department","type":"string","uniqueName":"department","label":"department","parentObject":"Lead.csv","pcType":"NSTRING","precision":256,"scale":0,"columnIndex":-1,"isKey":false,"isExternalId":false,"isSfIdLookup":false,"isNullable":true,"isUnique":false,"isCreateable":false,"isUpdateable":true,"isFilterable":true,"isCalculated":false,"javaType":"java.lang.String","showLabel":true,"naturalOrder":13,"linkedFields":["department"],"relatedInfos":[],"references":[]},"expression":"department"},{"@type":"fieldMap","id":"19175157","targetField":{"@type":"field","id":108662207,"name":"industry","type":"string","uniqueName":"industry","label":"industry","parentObject":"Lead.csv","pcType":"NSTRING","precision":256,"scale":0,"columnIndex":-1,"isKey":false,"isExternalId":false,"isSfIdLookup":false,"isNullable":true,"isUnique":false,"isCreateable":false,"isUpdateable":true,"isFilterable":true,"isCalculated":false,"javaType":"java.lang.String","showLabel":true,"naturalOrder":14,"linkedFields":["industry"],"relatedInfos":[],"references":[]},"expression":"industry"},{"@type":"fieldMap","id":"19175159","targetField":{"@type":"field","id":108662209,"name":"leadSource","type":"string","uniqueName":"leadSource","label":"leadSource","parentObject":"Lead.csv","pcType":"NSTRING","precision":256,"scale":0,"columnIndex":-1,"isKey":false,"isExternalId":false,"isSfIdLookup":false,"isNullable":true,"isUnique":false,"isCreateable":false,"isUpdateable":true,"isFilterable":true,"isCalculated":false,"javaType":"java.lang.String","showLabel":true,"naturalOrder":15,"linkedFields":["leadSource"],"relatedInfos":[],"references":[]},"expression":"leadSource"},{"@type":"fieldMap","id":"19175161","targetField":{"@type":"field","id":108662211,"name":"_Visited_Website","type":"string","uniqueName":"_Visited_Website","label":" Visited Website","parentObject":"Lead.csv","pcType":"NSTRING","precision":256,"scale":0,"columnIndex":-1,"isKey":false,"isExternalId":false,"isSfIdLookup":false,"isNullable":true,"isUnique":false,"isCreateable":false,"isUpdateable":true,"isFilterable":true,"isCalculated":false,"javaType":"java.lang.String","showLabel":true,"naturalOrder":16,"linkedFields":[],"relatedInfos":[],"references":[]}},{"@type":"fieldMap","id":"19175163","targetField":{"@type":"field","id":108662213,"name":"_Clicked__Mobile_Ad","type":"string","uniqueName":"_Clicked__Mobile_Ad","label":" Clicked  Mobile Ad","parentObject":"Lead.csv","pcType":"NSTRING","precision":256,"scale":0,"columnIndex":-1,"isKey":false,"isExternalId":false,"isSfIdLookup":false,"isNullable":true,"isUnique":false,"isCreateable":false,"isUpdateable":true,"isFilterable":true,"isCalculated":false,"javaType":"java.lang.String","showLabel":true,"naturalOrder":17,"linkedFields":[],"relatedInfos":[],"references":[]}},{"@type":"fieldMap","id":"19175165","targetField":{"@type":"field","id":108662215,"name":"Attended_Webinar","type":"string","uniqueName":"Attended_Webinar","label":"Attended Webinar","parentObject":"Lead.csv","pcType":"NSTRING","precision":256,"scale":0,"columnIndex":-1,"isKey":false,"isExternalId":false,"isSfIdLookup":false,"isNullable":true,"isUnique":false,"isCreateable":false,"isUpdateable":true,"isFilterable":true,"isCalculated":false,"javaType":"java.lang.String","showLabel":true,"naturalOrder":18,"linkedFields":[],"relatedInfos":[],"references":[]}},{"@type":"fieldMap","id":"19175167","targetField":{"@type":"field","id":108662217,"name":"Attended_Tradeshow","type":"string","uniqueName":"Attended_Tradeshow","label":"Attended Tradeshow","parentObject":"Lead.csv","pcType":"NSTRING","precision":256,"scale":0,"columnIndex":-1,"isKey":false,"isExternalId":false,"isSfIdLookup":false,"isNullable":true,"isUnique":false,"isCreateable":false,"isUpdateable":true,"isFilterable":true,"isCalculated":false,"javaType":"java.lang.String","showLabel":true,"naturalOrder":19,"linkedFields":[],"relatedInfos":[],"references":[]}}],"sourceFields":[{"@type":"field","id":108662219,"name":"Company","type":"string","uniqueName":"Company","label":"Company","parentObject":"My_Marketo_Leads.csv","pcType":"NSTRING","precision":256,"scale":0,"columnIndex":-1,"isKey":false,"isExternalId":false,"isSfIdLookup":false,"isNullable":true,"isUnique":false,"isCreateable":false,"isUpdateable":true,"isFilterable":true,"isCalculated":false,"javaType":"java.lang.String","showLabel":true,"naturalOrder":0,"linkedFields":["Company"],"relatedInfos":[],"references":[]},{"@type":"field","id":108662221,"name":"billingStreet","type":"string","uniqueName":"billingStreet","label":"billingStreet","parentObject":"My_Marketo_Leads.csv","pcType":"NSTRING","precision":256,"scale":0,"columnIndex":-1,"isKey":false,"isExternalId":false,"isSfIdLookup":false,"isNullable":true,"isUnique":false,"isCreateable":false,"isUpdateable":true,"isFilterable":true,"isCalculated":false,"javaType":"java.lang.String","showLabel":true,"naturalOrder":1,"linkedFields":["billingStreet"],"relatedInfos":[],"references":[]},{"@type":"field","id":108662223,"name":"billingCity","type":"string","uniqueName":"billingCity","label":"billingCity","parentObject":"My_Marketo_Leads.csv","pcType":"NSTRING","precision":256,"scale":0,"columnIndex":-1,"isKey":false,"isExternalId":false,"isSfIdLookup":false,"isNullable":true,"isUnique":false,"isCreateable":false,"isUpdateable":true,"isFilterable":true,"isCalculated":false,"javaType":"java.lang.String","showLabel":true,"naturalOrder":2,"linkedFields":["billingCity"],"relatedInfos":[],"references":[]},{"@type":"field","id":108662225,"name":"billingState","type":"string","uniqueName":"billingState","label":"billingState","parentObject":"My_Marketo_Leads.csv","pcType":"NSTRING","precision":256,"scale":0,"columnIndex":-1,"isKey":false,"isExternalId":false,"isSfIdLookup":false,"isNullable":true,"isUnique":false,"isCreateable":false,"isUpdateable":true,"isFilterable":true,"isCalculated":false,"javaType":"java.lang.String","showLabel":true,"naturalOrder":3,"linkedFields":["billingState"],"relatedInfos":[],"references":[]},{"@type":"field","id":108662227,"name":"billingPostalCode","type":"string","uniqueName":"billingPostalCode","label":"billingPostalCode","parentObject":"My_Marketo_Leads.csv","pcType":"NSTRING","precision":256,"scale":0,"columnIndex":-1,"isKey":false,"isExternalId":false,"isSfIdLookup":false,"isNullable":true,"isUnique":false,"isCreateable":false,"isUpdateable":true,"isFilterable":true,"isCalculated":false,"javaType":"java.lang.String","showLabel":true,"naturalOrder":4,"linkedFields":["billingPostalCode"],"relatedInfos":[],"references":[]},{"@type":"field","id":108662229,"name":"billingCountry","type":"string","uniqueName":"billingCountry","label":"billingCountry","parentObject":"My_Marketo_Leads.csv","pcType":"NSTRING","precision":256,"scale":0,"columnIndex":-1,"isKey":false,"isExternalId":false,"isSfIdLookup":false,"isNullable":true,"isUnique":false,"isCreateable":false,"isUpdateable":true,"isFilterable":true,"isCalculated":false,"javaType":"java.lang.String","showLabel":true,"naturalOrder":5,"linkedFields":["billingCountry"],"relatedInfos":[],"references":[]},{"@type":"field","id":108662231,"name":"firstname","type":"string","uniqueName":"firstname","label":"firstname","parentObject":"My_Marketo_Leads.csv","pcType":"NSTRING","precision":256,"scale":0,"columnIndex":-1,"isKey":false,"isExternalId":false,"isSfIdLookup":false,"isNullable":true,"isUnique":false,"isCreateable":false,"isUpdateable":true,"isFilterable":true,"isCalculated":false,"javaType":"java.lang.String","showLabel":true,"naturalOrder":6,"linkedFields":["firstname"],"relatedInfos":[],"references":[]},{"@type":"field","id":108662233,"name":"lastname","type":"string","uniqueName":"lastname","label":"lastname","parentObject":"My_Marketo_Leads.csv","pcType":"NSTRING","precision":256,"scale":0,"columnIndex":-1,"isKey":false,"isExternalId":false,"isSfIdLookup":false,"isNullable":true,"isUnique":false,"isCreateable":false,"isUpdateable":true,"isFilterable":true,"isCalculated":false,"javaType":"java.lang.String","showLabel":true,"naturalOrder":7,"linkedFields":["lastname"],"relatedInfos":[],"references":[]},{"@type":"field","id":108662235,"name":"email","type":"string","uniqueName":"email","label":"email","parentObject":"My_Marketo_Leads.csv","pcType":"NSTRING","precision":256,"scale":0,"columnIndex":-1,"isKey":false,"isExternalId":false,"isSfIdLookup":false,"isNullable":true,"isUnique":false,"isCreateable":false,"isUpdateable":true,"isFilterable":true,"isCalculated":false,"javaType":"java.lang.String","showLabel":true,"naturalOrder":8,"linkedFields":["email"],"relatedInfos":[],"references":[]},{"@type":"field","id":108662237,"name":"Phone","type":"string","uniqueName":"Phone","label":"Phone","parentObject":"My_Marketo_Leads.csv","pcType":"NSTRING","precision":256,"scale":0,"columnIndex":-1,"isKey":false,"isExternalId":false,"isSfIdLookup":false,"isNullable":true,"isUnique":false,"isCreateable":false,"isUpdateable":true,"isFilterable":true,"isCalculated":false,"javaType":"java.lang.String","showLabel":true,"naturalOrder":9,"linkedFields":["Phone"],"relatedInfos":[],"references":[]},{"@type":"field","id":108662239,"name":"id","type":"string","uniqueName":"id","label":"id","parentObject":"My_Marketo_Leads.csv","pcType":"NSTRING","precision":256,"scale":0,"columnIndex":-1,"isKey":false,"isExternalId":false,"isSfIdLookup":false,"isNullable":true,"isUnique":false,"isCreateable":false,"isUpdateable":true,"isFilterable":true,"isCalculated":false,"javaType":"java.lang.String","showLabel":true,"naturalOrder":10,"linkedFields":["id"],"relatedInfos":[],"references":[]},{"@type":"field","id":108662241,"name":"title","type":"string","uniqueName":"title","label":"title","parentObject":"My_Marketo_Leads.csv","pcType":"NSTRING","precision":256,"scale":0,"columnIndex":-1,"isKey":false,"isExternalId":false,"isSfIdLookup":false,"isNullable":true,"isUnique":false,"isCreateable":false,"isUpdateable":true,"isFilterable":true,"isCalculated":false,"javaType":"java.lang.String","showLabel":true,"naturalOrder":11,"linkedFields":["title"],"relatedInfos":[],"references":[]},{"@type":"field","id":108662243,"name":"isLead","type":"string","uniqueName":"isLead","label":"isLead","parentObject":"My_Marketo_Leads.csv","pcType":"NSTRING","precision":256,"scale":0,"columnIndex":-1,"isKey":false,"isExternalId":false,"isSfIdLookup":false,"isNullable":true,"isUnique":false,"isCreateable":false,"isUpdateable":true,"isFilterable":true,"isCalculated":false,"javaType":"java.lang.String","showLabel":true,"naturalOrder":12,"linkedFields":["isLead"],"relatedInfos":[],"references":[]},{"@type":"field","id":108662245,"name":"department","type":"string","uniqueName":"department","label":"department","parentObject":"My_Marketo_Leads.csv","pcType":"NSTRING","precision":256,"scale":0,"columnIndex":-1,"isKey":false,"isExternalId":false,"isSfIdLookup":false,"isNullable":true,"isUnique":false,"isCreateable":false,"isUpdateable":true,"isFilterable":true,"isCalculated":false,"javaType":"java.lang.String","showLabel":true,"naturalOrder":13,"linkedFields":["department"],"relatedInfos":[],"references":[]},{"@type":"field","id":108662247,"name":"industry","type":"string","uniqueName":"industry","label":"industry","parentObject":"My_Marketo_Leads.csv","pcType":"NSTRING","precision":256,"scale":0,"columnIndex":-1,"isKey":false,"isExternalId":false,"isSfIdLookup":false,"isNullable":true,"isUnique":false,"isCreateable":false,"isUpdateable":true,"isFilterable":true,"isCalculated":false,"javaType":"java.lang.String","showLabel":true,"naturalOrder":14,"linkedFields":["industry"],"relatedInfos":[],"references":[]},{"@type":"field","id":108662249,"name":"leadSource","type":"string","uniqueName":"leadSource","label":"leadSource","parentObject":"My_Marketo_Leads.csv","pcType":"NSTRING","precision":256,"scale":0,"columnIndex":-1,"isKey":false,"isExternalId":false,"isSfIdLookup":false,"isNullable":true,"isUnique":false,"isCreateable":false,"isUpdateable":true,"isFilterable":true,"isCalculated":false,"javaType":"java.lang.String","showLabel":true,"naturalOrder":15,"linkedFields":["leadSource"],"relatedInfos":[],"references":[]}],"sortFields":[],"groupFields":[]}]