[{"@type":"customSource","id":"@1","name":"SQ_SQLServer_COnflict","type":"SqlServer","query":"select a.id,a.name,c.id,c.name from stickoo.account a,stickoo.all_contact c where a.id = c.accountid","fields":[{"@type":"field","id":107595855,"name":"id","type":"nvarchar","uniqueName":"id","label":"id","parentObject":"SQ_SQLServer_COnflict","pcType":"UNISTRING","precision":18,"scale":0,"columnIndex":0,"isKey":false,"isExternalId":false,"isSfIdLookup":false,"isNullable":true,"isUnique":false,"isCreateable":false,"isUpdateable":true,"isFilterable":true,"isCalculated":false,"showLabel":true,"naturalOrder":0,"linkedFields":[],"relatedInfos":[],"references":[]},{"@type":"field","id":107595857,"name":"name","type":"nvarchar","uniqueName":"name","label":"name","parentObject":"SQ_SQLServer_COnflict","pcType":"UNISTRING","precision":255,"scale":0,"columnIndex":1,"isKey":false,"isExternalId":false,"isSfIdLookup":false,"isNullable":true,"isUnique":false,"isCreateable":false,"isUpdateable":true,"isFilterable":true,"isCalculated":false,"showLabel":true,"naturalOrder":0,"linkedFields":[],"relatedInfos":[],"references":[]},{"@type":"field","id":107595859,"name":"id","type":"nvarchar","uniqueName":"id2","label":"id","parentObject":"SQ_SQLServer_COnflict","pcType":"UNISTRING","precision":18,"scale":0,"columnIndex":2,"isKey":false,"isExternalId":false,"isSfIdLookup":false,"isNullable":true,"isUnique":false,"isCreateable":false,"isUpdateable":true,"isFilterable":true,"isCalculated":false,"showLabel":true,"naturalOrder":0,"linkedFields":[],"relatedInfos":[],"references":[]},{"@type":"field","id":107595861,"name":"name","type":"nvarchar","uniqueName":"name2","label":"name","parentObject":"SQ_SQLServer_COnflict","pcType":"UNISTRING","precision":121,"scale":0,"columnIndex":3,"isKey":false,"isExternalId":false,"isSfIdLookup":false,"isNullable":true,"isUnique":false,"isCreateable":false,"isUpdateable":true,"isFilterable":true,"isCalculated":false,"showLabel":true,"naturalOrder":0,"linkedFields":[],"relatedInfos":[],"references":[]}]}]