[{"@type":"workflow","id":"@1","name":"LTF_inlineActionDepen_testporoj2","description":"test edit description","maxLogs":10,"references":[{"@type":"reference","refObjectId":"@avBPwZE1iS8k5XSOYfkZ8Z","refType":"dssTask"},{"@type":"reference","refObjectId":"@6Kq1hNHkg9IbTWIMdPXemN","refType":"pcsTask"}],"tasks":[{"@type":"workflowTask","taskId":"@avBPwZE1iS8k5XSOYfkZ8Z","type":"DSS","name":"dss_inlineActionDepen_proj2","stopOnError":false,"stopOnWarning":false},{"@type":"workflowTask","taskId":"@6Kq1hNHkg9IbTWIMdPXemN","type":"PCS","name":"PCS_inlineActionDepen_proj2","stopOnError":false,"stopOnWarning":false}]}]