[{"@type":"mappingTemplate","id":"@1","name":"Mapping1","description":"","bundleVersion":"0","templateId":"@3","deployTime":1563561531000,"hasParameters":false,"valid":true,"fixedConnection":true,"hasParametersDeployed":false,"fixedConnectionDeployed":true,"tasks":0,"mappingPreviewFileRecordId":"@2","documentType":"","references":[{"@type":"reference","refObjectId":"@4Bz1KlgAkYHlcIjrZMTz27","refType":"connection"},{"@type":"reference","refObjectId":"@5xdH5IGz2sse8a5ZhjJRyn","refType":"connection"}]}]