[{"@type":"mtTask","id":"@1","name":"MCT_ConnParam","description":"Both SRC TGT object and connection parameterized","runtimeEnvironmentId":"@138hcFYFPIoc41h6HHLOcv","maxLogs":10,"verbose":false,"lastRunTime":1572035908000,"mappingId":"@1L8T3eLGrlZey4Mp3tCoIR","shortDescription":"Both SRC TGT object and connection parameterized","sessionProperties":{},"enableCrossSchemaPushdown":true,"parameterFileName":"param.properties","parameters":[{"@type":"mtTaskParameter","id":12189262,"name":"$Source$","type":"EXTENDED_SOURCE","label":"SRC_In","description":"","uiProperties":{"cnxtype":"Flat File","connectionParameterized":"true","logcnx":"SRC_In","isMsrcFilterParameterized":"false","isMsrcSortParameterized":"false","objlabel":"Src_Obj_Param","objectParameterized":"true","objDesc":""},"sourceConnectionId":"@6dwBBJfmV2HiVgxY3BeL6h","newFlatFile":false,"newObject":false,"showBusinessNames":true,"naturalOrder":true,"truncateTarget":false,"bulkApiDBTarget":false,"customFuncCfg":{"@type":"customFuncConfig","id":-1,"connections":[],"inputMap":[],"outputFields":[]},"tgtFieldRefs":{},"targetUpdateColumns":[],"extendedObject":{"@type":"extendedObject","object":{"@type":"mObject","name":"emp.csv","label":"emp.csv","metadataUpdated":false,"relations":[],"children":[]},"filters":[],"sortFields":[]},"runtimeAttrs":{},"isRESTModernSource":true,"isFileList":false,"handleSpecialChars":false,"frsAsset":false,"fetchMode":"ORIGINAL","tgtObjectAttributes":{},"runtimeParameterData":{"@type":"mtTaskRuntimeParameterData","isConnectionRuntimeParameter":true,"isObjectRuntimeParameter":true,"connectionParameterName":"SRC_In","objectParameterName":"Src_Obj_Param"},"overriddenFields":[]},{"@type":"mtTaskParameter","id":12189263,"name":"$Target$","type":"TARGET","label":"TGT_In","description":"","uiProperties":{"cnxtype":"Flat File","connectionParameterized":"true","logcnx":"TGT_In","objlabel":"Tgt_Obj_Param","objectParameterized":"true","objDesc":"","defaultTargetUpdateColumns":""},"targetConnectionId":"@6dwBBJfmV2HiVgxY3BeL6h","targetObject":"out_DefaultParam_TGTSRC.csv","targetObjectLabel":"out_DefaultParam_TGTSRC.csv","newFlatFile":false,"newObject":true,"showBusinessNames":true,"naturalOrder":true,"newObjectName":"out_DefaultParam_TGTSRC.csv","truncateTarget":false,"bulkApiDBTarget":false,"operationType":"Insert","customFuncCfg":{"@type":"customFuncConfig","id":-1,"connections":[],"inputMap":[],"outputFields":[]},"tgtFieldRefs":{},"targetUpdateColumns":[],"extendedObject":{"@type":"extendedObject","filters":[],"sortFields":[]},"runtimeAttrs":{},"isRESTModernSource":true,"isFileList":false,"handleSpecialChars":false,"frsAsset":false,"fetchMode":"ORIGINAL","tgtObjectAttributes":{},"runtimeParameterData":{"@type":"mtTaskRuntimeParameterData","isConnectionRuntimeParameter":true,"isObjectRuntimeParameter":true,"connectionParameterName":"TGT_In","objectParameterName":"Tgt_Obj_Param"},"overriddenFields":[]}],"sequences":[],"inOutParameters":[],"connRuntimeAttrs":[]}]