[{"@type":"mtTask","id":"@1","name":"MCT_ConnParam","description":"Both SRC TGT object and connection parameterized","runtimeEnvironmentId":"@3qKUWq3DwHefcRwB6uJJQn","maxLogs":10,"verbose":false,"mappingId":"@27E7tRtgwbBeitm4gXiVMp","shortDescription":"Both SRC TGT object and connection parameterized","sessionPropertiesList":[],"enableCrossSchemaPushdown":true,"enableParallelRun":false,"autoTunedApplied":false,"autoTunedAppliedType":"NONE","parameterFileName":"param.properties","schemaMode":"async","serverlessProperties":{},"taskProperties":[{"@type":"taskProperty","name":"parameterFileDir","currentValue":"","type":"STRING","label":"label.parameterFileDir","required":false},{"@type":"taskProperty","name":"parameterFileName","currentValue":"param.properties","type":"STRING","label":"label.parameterFileName","required":false}],"parameters":[{"@type":"mtTaskParameter","id":3328101,"name":"$Source$","type":"EXTENDED_SOURCE","label":"SRC_In","description":"","uiProperties":{"cnxtype":"Flat File","connectionParameterized":"true","logcnx":"SRC_In","isMsrcFilterParameterized":"false","isMsrcSortParameterized":"false","objlabel":"Src_Obj_Param","objectParameterized":"true","objDesc":""},"sourceConnectionId":"@cMFZyux7yeajSEoHmSXLad","newFlatFile":false,"newObject":false,"showBusinessNames":true,"naturalOrder":true,"truncateTarget":false,"bulkApiDBTarget":false,"customFuncCfg":{"@type":"customFuncConfig","id":-1,"connections":[],"inputMap":[],"outputFields":[]},"tgtFieldRefs":{},"targetUpdateColumns":[],"extendedObject":{"@type":"extendedObject","object":{"@type":"mObject","name":"emp.csv","label":"emp.csv","metadataUpdated":false,"relations":[],"children":[]},"objects":[{"@type":"mObject","name":"emp.csv","label":"emp.csv","metadataUpdated":false,"relations":[],"children":[]}],"filters":[],"sortFields":[]},"runtimeAttrs":{},"isRESTModernSource":true,"isFileList":false,"handleSpecialChars":false,"frsAsset":false,"dynamicFileName":false,"currentlyProcessedFileName":false,"fetchMode":"ORIGINAL","tgtObjectAttributes":{},"runtimeParameterData":{"@type":"mtTaskRuntimeParameterData","isConnectionRuntimeParameter":true,"isObjectRuntimeParameter":true,"connectionParameterName":"SRC_In","objectParameterName":"Src_Obj_Param"},"overriddenFields":[]},{"@type":"mtTaskParameter","id":3328103,"name":"$Target$","type":"TARGET","label":"TGT_In","description":"","uiProperties":{"cnxtype":"Flat File","connectionParameterized":"true","logcnx":"TGT_In","objlabel":"Tgt_Obj_Param","objectParameterized":"true","objDesc":"","defaultTargetUpdateColumns":"","supportApplyDDLChanges":"true"},"targetConnectionId":"@cMFZyux7yeajSEoHmSXLad","targetObject":"out_DefaultParam_TGTSRC.csv","targetObjectLabel":"out_DefaultParam_TGTSRC.csv","newFlatFile":false,"newObject":true,"showBusinessNames":true,"naturalOrder":true,"newObjectName":"out_DefaultParam_TGTSRC.csv","truncateTarget":false,"bulkApiDBTarget":false,"operationType":"Insert","customFuncCfg":{"@type":"customFuncConfig","id":-1,"connections":[],"inputMap":[],"outputFields":[]},"tgtFieldRefs":{},"targetUpdateColumns":[],"extendedObject":{"@type":"extendedObject","filters":[],"sortFields":[]},"runtimeAttrs":{},"isRESTModernSource":true,"isFileList":false,"handleSpecialChars":false,"frsAsset":false,"dynamicFileName":false,"currentlyProcessedFileName":false,"objectName":"out_DefaultParam_TGTSRC.csv","objectLabel":"out_DefaultParam_TGTSRC.csv","fetchMode":"ORIGINAL","tgtObjectAttributes":{},"runtimeParameterData":{"@type":"mtTaskRuntimeParameterData","isConnectionRuntimeParameter":true,"isObjectRuntimeParameter":true,"connectionParameterName":"TGT_In","objectParameterName":"Tgt_Obj_Param"},"overriddenFields":[]}],"sequences":[],"inOutParameters":[],"connRuntimeAttrs":[]}]