[{"@type":"dssTask","id":"@1","name":"dss_inlineActionDepen","description":"","maxLogs":10,"sourceConnectionId":"@cIbpmCXf9IwcrXV2Yg72wR","targetConnectionId":"@cIbpmCXf9IwcrXV2Yg72wR","targetObject":"abc.csv","targetObjectLabel":"abc.csv","operation":"Insert","maxRows":0,"truncateTarget":false,"bulkApiDBTarget":false,"verbose":false,"srcFlatFileAttrs":{"@type":"flatFileAttrs","id":2408074,"delimiter":",","textQualifier":"\"","escapeChar":"","headerLineNo":1,"firstDataRow":2},"tgtFlatFileAttrs":{"@type":"flatFileAttrs","id":2408075,"delimiter":",","textQualifier":"\"","escapeChar":"","headerLineNo":1,"firstDataRow":2},"targetMetadataUpdated":false,"modelVersion":"V3-R600","queryAll":false,"srcSettings":{"@type":"taskDataSourceSetting","isShowLabels":false,"isNaturalOrder":true},"tgtSettings":{"@type":"taskDataSourceSetting","isShowLabels":false,"isNaturalOrder":true},"cfSettings":{"@type":"taskDataSourceSetting","isShowLabels":false,"isNaturalOrder":true},"bulkApi":false,"bulkApiSerialMode":false,"bulkApiMonitor":false,"isTargetObjectSfCustom":false,"allowNullUpdates":false,"targetBatchSize":200,"assignmentRuleId":"-1","assignmentRuleType":"None","createSuccessFile":false,"bulkApiHardDelete":false,"srcRuntimeAttrs":{"@type":"taskRuntimeAttrs","attrs":{}},"tgtRuntimeAttrs":{"@type":"taskRuntimeAttrs","attrs":{}},"parameterFileEncoding":"UTF-8","sourceObjects":[{"@type":"mObject","name":"emp.csv","label":"emp.csv","metadataUpdated":false,"relations":[],"children":[]}],"advancedFilters":[],"filters":[],"fieldMaps":[{"@type":"fieldMap","id":"5319598","targetField":{"@type":"field","id":14140080,"name":"Emp_ID","type":"nstring","uniqueName":"Emp_ID","label":"Emp_ID","parentObject":"abc.csv","pcType":"UNISTRING","precision":255,"scale":0,"columnIndex":0,"isKey":false,"isExternalId":false,"isSfIdLookup":false,"isNullable":true,"isUnique":false,"isCreateable":false,"isUpdateable":true,"isFilterable":true,"isCalculated":false,"showLabel":false,"naturalOrder":0,"linkedFields":["Emp_ID"],"relatedInfos":[],"references":[]},"expression":"Emp_ID"},{"@type":"fieldMap","id":"5319599","targetField":{"@type":"field","id":14140081,"name":"Name_Prefix","type":"nstring","uniqueName":"Name_Prefix","label":"Name_Prefix","parentObject":"abc.csv","pcType":"UNISTRING","precision":255,"scale":0,"columnIndex":1,"isKey":false,"isExternalId":false,"isSfIdLookup":false,"isNullable":true,"isUnique":false,"isCreateable":false,"isUpdateable":true,"isFilterable":true,"isCalculated":false,"showLabel":false,"naturalOrder":0,"linkedFields":["Name_Prefix"],"relatedInfos":[],"references":[]},"expression":"Name_Prefix"},{"@type":"fieldMap","id":"5319600","targetField":{"@type":"field","id":14140082,"name":"First_Name","type":"nstring","uniqueName":"First_Name","label":"First_Name","parentObject":"abc.csv","pcType":"UNISTRING","precision":255,"scale":0,"columnIndex":2,"isKey":false,"isExternalId":false,"isSfIdLookup":false,"isNullable":true,"isUnique":false,"isCreateable":false,"isUpdateable":true,"isFilterable":true,"isCalculated":false,"showLabel":false,"naturalOrder":0,"linkedFields":["First_Name"],"relatedInfos":[],"references":[]},"expression":"First_Name"},{"@type":"fieldMap","id":"5319601","targetField":{"@type":"field","id":14140083,"name":"Middle_Initial","type":"nstring","uniqueName":"Middle_Initial","label":"Middle_Initial","parentObject":"abc.csv","pcType":"UNISTRING","precision":255,"scale":0,"columnIndex":3,"isKey":false,"isExternalId":false,"isSfIdLookup":false,"isNullable":true,"isUnique":false,"isCreateable":false,"isUpdateable":true,"isFilterable":true,"isCalculated":false,"showLabel":false,"naturalOrder":0,"linkedFields":["Middle_Initial"],"relatedInfos":[],"references":[]},"expression":"Middle_Initial"},{"@type":"fieldMap","id":"5319602","targetField":{"@type":"field","id":14140084,"name":"Last_Name","type":"nstring","uniqueName":"Last_Name","label":"Last_Name","parentObject":"abc.csv","pcType":"UNISTRING","precision":255,"scale":0,"columnIndex":4,"isKey":false,"isExternalId":false,"isSfIdLookup":false,"isNullable":true,"isUnique":false,"isCreateable":false,"isUpdateable":true,"isFilterable":true,"isCalculated":false,"showLabel":false,"naturalOrder":0,"linkedFields":["Last_Name"],"relatedInfos":[],"references":[]},"expression":"Last_Name"},{"@type":"fieldMap","id":"5319603","targetField":{"@type":"field","id":14140085,"name":"Gender","type":"nstring","uniqueName":"Gender","label":"Gender","parentObject":"abc.csv","pcType":"UNISTRING","precision":255,"scale":0,"columnIndex":5,"isKey":false,"isExternalId":false,"isSfIdLookup":false,"isNullable":true,"isUnique":false,"isCreateable":false,"isUpdateable":true,"isFilterable":true,"isCalculated":false,"showLabel":false,"naturalOrder":0,"linkedFields":["Gender"],"relatedInfos":[],"references":[]},"expression":"Gender"},{"@type":"fieldMap","id":"5319604","targetField":{"@type":"field","id":14140086,"name":"E_Mail","type":"nstring","uniqueName":"E_Mail","label":"E_Mail","parentObject":"abc.csv","pcType":"UNISTRING","precision":255,"scale":0,"columnIndex":6,"isKey":false,"isExternalId":false,"isSfIdLookup":false,"isNullable":true,"isUnique":false,"isCreateable":false,"isUpdateable":true,"isFilterable":true,"isCalculated":false,"showLabel":false,"naturalOrder":0,"linkedFields":["E_Mail"],"relatedInfos":[],"references":[]},"expression":"E_Mail"},{"@type":"fieldMap","id":"5319605","targetField":{"@type":"field","id":14140087,"name":"Father_s_Name","type":"nstring","uniqueName":"Father_s_Name","label":"Father_s_Name","parentObject":"abc.csv","pcType":"UNISTRING","precision":255,"scale":0,"columnIndex":7,"isKey":false,"isExternalId":false,"isSfIdLookup":false,"isNullable":true,"isUnique":false,"isCreateable":false,"isUpdateable":true,"isFilterable":true,"isCalculated":false,"showLabel":false,"naturalOrder":0,"linkedFields":["Father_s_Name"],"relatedInfos":[],"references":[]},"expression":"Father_s_Name"},{"@type":"fieldMap","id":"5319606","targetField":{"@type":"field","id":14140088,"name":"Mother_s_Name","type":"nstring","uniqueName":"Mother_s_Name","label":"Mother_s_Name","parentObject":"abc.csv","pcType":"UNISTRING","precision":255,"scale":0,"columnIndex":8,"isKey":false,"isExternalId":false,"isSfIdLookup":false,"isNullable":true,"isUnique":false,"isCreateable":false,"isUpdateable":true,"isFilterable":true,"isCalculated":false,"showLabel":false,"naturalOrder":0,"linkedFields":["Mother_s_Name"],"relatedInfos":[],"references":[]},"expression":"Mother_s_Name"},{"@type":"fieldMap","id":"5319607","targetField":{"@type":"field","id":14140089,"name":"Mother_s_Maiden_Name","type":"nstring","uniqueName":"Mother_s_Maiden_Name","label":"Mother_s_Maiden_Name","parentObject":"abc.csv","pcType":"UNISTRING","precision":255,"scale":0,"columnIndex":9,"isKey":false,"isExternalId":false,"isSfIdLookup":false,"isNullable":true,"isUnique":false,"isCreateable":false,"isUpdateable":true,"isFilterable":true,"isCalculated":false,"showLabel":false,"naturalOrder":0,"linkedFields":["Mother_s_Maiden_Name"],"relatedInfos":[],"references":[]},"expression":"Mother_s_Maiden_Name"},{"@type":"fieldMap","id":"5319608","targetField":{"@type":"field","id":14140090,"name":"Date_of_Birth","type":"nstring","uniqueName":"Date_of_Birth","label":"Date_of_Birth","parentObject":"abc.csv","pcType":"UNISTRING","precision":255,"scale":0,"columnIndex":10,"isKey":false,"isExternalId":false,"isSfIdLookup":false,"isNullable":true,"isUnique":false,"isCreateable":false,"isUpdateable":true,"isFilterable":true,"isCalculated":false,"showLabel":false,"naturalOrder":0,"linkedFields":["Date_of_Birth"],"relatedInfos":[],"references":[]},"expression":"Date_of_Birth"},{"@type":"fieldMap","id":"5319609","targetField":{"@type":"field","id":14140091,"name":"Time_of_Birth","type":"nstring","uniqueName":"Time_of_Birth","label":"Time_of_Birth","parentObject":"abc.csv","pcType":"UNISTRING","precision":255,"scale":0,"columnIndex":11,"isKey":false,"isExternalId":false,"isSfIdLookup":false,"isNullable":true,"isUnique":false,"isCreateable":false,"isUpdateable":true,"isFilterable":true,"isCalculated":false,"showLabel":false,"naturalOrder":0,"linkedFields":["Time_of_Birth"],"relatedInfos":[],"references":[]},"expression":"Time_of_Birth"},{"@type":"fieldMap","id":"5319610","targetField":{"@type":"field","id":14140092,"name":"Age_in_Yrs_","type":"nstring","uniqueName":"Age_in_Yrs_","label":"Age_in_Yrs_","parentObject":"abc.csv","pcType":"UNISTRING","precision":255,"scale":0,"columnIndex":12,"isKey":false,"isExternalId":false,"isSfIdLookup":false,"isNullable":true,"isUnique":false,"isCreateable":false,"isUpdateable":true,"isFilterable":true,"isCalculated":false,"showLabel":false,"naturalOrder":0,"linkedFields":["Age_in_Yrs_"],"relatedInfos":[],"references":[]},"expression":"Age_in_Yrs_"},{"@type":"fieldMap","id":"5319611","targetField":{"@type":"field","id":14140093,"name":"Weight_in_Kgs_","type":"nstring","uniqueName":"Weight_in_Kgs_","label":"Weight_in_Kgs_","parentObject":"abc.csv","pcType":"UNISTRING","precision":255,"scale":0,"columnIndex":13,"isKey":false,"isExternalId":false,"isSfIdLookup":false,"isNullable":true,"isUnique":false,"isCreateable":false,"isUpdateable":true,"isFilterable":true,"isCalculated":false,"showLabel":false,"naturalOrder":0,"linkedFields":["Weight_in_Kgs_"],"relatedInfos":[],"references":[]},"expression":"Weight_in_Kgs_"},{"@type":"fieldMap","id":"5319612","targetField":{"@type":"field","id":14140094,"name":"Date_of_Joining","type":"nstring","uniqueName":"Date_of_Joining","label":"Date_of_Joining","parentObject":"abc.csv","pcType":"UNISTRING","precision":255,"scale":0,"columnIndex":14,"isKey":false,"isExternalId":false,"isSfIdLookup":false,"isNullable":true,"isUnique":false,"isCreateable":false,"isUpdateable":true,"isFilterable":true,"isCalculated":false,"showLabel":false,"naturalOrder":0,"linkedFields":["Date_of_Joining"],"relatedInfos":[],"references":[]},"expression":"Date_of_Joining"},{"@type":"fieldMap","id":"5319613","targetField":{"@type":"field","id":14140095,"name":"Quarter_of_Joining","type":"nstring","uniqueName":"Quarter_of_Joining","label":"Quarter_of_Joining","parentObject":"abc.csv","pcType":"UNISTRING","precision":255,"scale":0,"columnIndex":15,"isKey":false,"isExternalId":false,"isSfIdLookup":false,"isNullable":true,"isUnique":false,"isCreateable":false,"isUpdateable":true,"isFilterable":true,"isCalculated":false,"showLabel":false,"naturalOrder":0,"linkedFields":["Quarter_of_Joining"],"relatedInfos":[],"references":[]},"expression":"Quarter_of_Joining"},{"@type":"fieldMap","id":"5319614","targetField":{"@type":"field","id":14140096,"name":"Half_of_Joining","type":"nstring","uniqueName":"Half_of_Joining","label":"Half_of_Joining","parentObject":"abc.csv","pcType":"UNISTRING","precision":255,"scale":0,"columnIndex":16,"isKey":false,"isExternalId":false,"isSfIdLookup":false,"isNullable":true,"isUnique":false,"isCreateable":false,"isUpdateable":true,"isFilterable":true,"isCalculated":false,"showLabel":false,"naturalOrder":0,"linkedFields":["Half_of_Joining"],"relatedInfos":[],"references":[]},"expression":"Half_of_Joining"},{"@type":"fieldMap","id":"5319615","targetField":{"@type":"field","id":14140097,"name":"Year_of_Joining","type":"nstring","uniqueName":"Year_of_Joining","label":"Year_of_Joining","parentObject":"abc.csv","pcType":"UNISTRING","precision":255,"scale":0,"columnIndex":17,"isKey":false,"isExternalId":false,"isSfIdLookup":false,"isNullable":true,"isUnique":false,"isCreateable":false,"isUpdateable":true,"isFilterable":true,"isCalculated":false,"showLabel":false,"naturalOrder":0,"linkedFields":["Year_of_Joining"],"relatedInfos":[],"references":[]},"expression":"Year_of_Joining"},{"@type":"fieldMap","id":"5319616","targetField":{"@type":"field","id":14140098,"name":"Month_of_Joining","type":"nstring","uniqueName":"Month_of_Joining","label":"Month_of_Joining","parentObject":"abc.csv","pcType":"UNISTRING","precision":255,"scale":0,"columnIndex":18,"isKey":false,"isExternalId":false,"isSfIdLookup":false,"isNullable":true,"isUnique":false,"isCreateable":false,"isUpdateable":true,"isFilterable":true,"isCalculated":false,"showLabel":false,"naturalOrder":0,"linkedFields":["Month_of_Joining"],"relatedInfos":[],"references":[]},"expression":"Month_of_Joining"},{"@type":"fieldMap","id":"5319617","targetField":{"@type":"field","id":14140099,"name":"Month_Name_of_Joining","type":"nstring","uniqueName":"Month_Name_of_Joining","label":"Month_Name_of_Joining","parentObject":"abc.csv","pcType":"UNISTRING","precision":255,"scale":0,"columnIndex":19,"isKey":false,"isExternalId":false,"isSfIdLookup":false,"isNullable":true,"isUnique":false,"isCreateable":false,"isUpdateable":true,"isFilterable":true,"isCalculated":false,"showLabel":false,"naturalOrder":0,"linkedFields":["Month_Name_of_Joining"],"relatedInfos":[],"references":[]},"expression":"Month_Name_of_Joining"},{"@type":"fieldMap","id":"5319618","targetField":{"@type":"field","id":14140100,"name":"Short_Month","type":"nstring","uniqueName":"Short_Month","label":"Short_Month","parentObject":"abc.csv","pcType":"UNISTRING","precision":255,"scale":0,"columnIndex":20,"isKey":false,"isExternalId":false,"isSfIdLookup":false,"isNullable":true,"isUnique":false,"isCreateable":false,"isUpdateable":true,"isFilterable":true,"isCalculated":false,"showLabel":false,"naturalOrder":0,"linkedFields":["Short_Month"],"relatedInfos":[],"references":[]},"expression":"Short_Month"},{"@type":"fieldMap","id":"5319619","targetField":{"@type":"field","id":14140101,"name":"Day_of_Joining","type":"nstring","uniqueName":"Day_of_Joining","label":"Day_of_Joining","parentObject":"abc.csv","pcType":"UNISTRING","precision":255,"scale":0,"columnIndex":21,"isKey":false,"isExternalId":false,"isSfIdLookup":false,"isNullable":true,"isUnique":false,"isCreateable":false,"isUpdateable":true,"isFilterable":true,"isCalculated":false,"showLabel":false,"naturalOrder":0,"linkedFields":["Day_of_Joining"],"relatedInfos":[],"references":[]},"expression":"Day_of_Joining"},{"@type":"fieldMap","id":"5319620","targetField":{"@type":"field","id":14140102,"name":"DOW_of_Joining","type":"nstring","uniqueName":"DOW_of_Joining","label":"DOW_of_Joining","parentObject":"abc.csv","pcType":"UNISTRING","precision":255,"scale":0,"columnIndex":22,"isKey":false,"isExternalId":false,"isSfIdLookup":false,"isNullable":true,"isUnique":false,"isCreateable":false,"isUpdateable":true,"isFilterable":true,"isCalculated":false,"showLabel":false,"naturalOrder":0,"linkedFields":["DOW_of_Joining"],"relatedInfos":[],"references":[]},"expression":"DOW_of_Joining"},{"@type":"fieldMap","id":"5319621","targetField":{"@type":"field","id":14140103,"name":"Short_DOW","type":"nstring","uniqueName":"Short_DOW","label":"Short_DOW","parentObject":"abc.csv","pcType":"UNISTRING","precision":255,"scale":0,"columnIndex":23,"isKey":false,"isExternalId":false,"isSfIdLookup":false,"isNullable":true,"isUnique":false,"isCreateable":false,"isUpdateable":true,"isFilterable":true,"isCalculated":false,"showLabel":false,"naturalOrder":0,"linkedFields":["Short_DOW"],"relatedInfos":[],"references":[]},"expression":"Short_DOW"},{"@type":"fieldMap","id":"5319622","targetField":{"@type":"field","id":14140104,"name":"Age_in_Company__Years_","type":"nstring","uniqueName":"Age_in_Company__Years_","label":"Age_in_Company__Years_","parentObject":"abc.csv","pcType":"UNISTRING","precision":255,"scale":0,"columnIndex":24,"isKey":false,"isExternalId":false,"isSfIdLookup":false,"isNullable":true,"isUnique":false,"isCreateable":false,"isUpdateable":true,"isFilterable":true,"isCalculated":false,"showLabel":false,"naturalOrder":0,"linkedFields":["Age_in_Company__Years_"],"relatedInfos":[],"references":[]},"expression":"Age_in_Company__Years_"},{"@type":"fieldMap","id":"5319623","targetField":{"@type":"field","id":14140105,"name":"Salary","type":"nstring","uniqueName":"Salary","label":"Salary","parentObject":"abc.csv","pcType":"UNISTRING","precision":255,"scale":0,"columnIndex":25,"isKey":false,"isExternalId":false,"isSfIdLookup":false,"isNullable":true,"isUnique":false,"isCreateable":false,"isUpdateable":true,"isFilterable":true,"isCalculated":false,"showLabel":false,"naturalOrder":0,"linkedFields":["Salary"],"relatedInfos":[],"references":[]},"expression":"Salary"},{"@type":"fieldMap","id":"5319624","targetField":{"@type":"field","id":14140106,"name":"Last___Hike","type":"nstring","uniqueName":"Last___Hike","label":"Last___Hike","parentObject":"abc.csv","pcType":"UNISTRING","precision":255,"scale":0,"columnIndex":26,"isKey":false,"isExternalId":false,"isSfIdLookup":false,"isNullable":true,"isUnique":false,"isCreateable":false,"isUpdateable":true,"isFilterable":true,"isCalculated":false,"showLabel":false,"naturalOrder":0,"linkedFields":["Last___Hike"],"relatedInfos":[],"references":[]},"expression":"Last___Hike"},{"@type":"fieldMap","id":"5319625","targetField":{"@type":"field","id":14140107,"name":"SSN","type":"nstring","uniqueName":"SSN","label":"SSN","parentObject":"abc.csv","pcType":"UNISTRING","precision":255,"scale":0,"columnIndex":27,"isKey":false,"isExternalId":false,"isSfIdLookup":false,"isNullable":true,"isUnique":false,"isCreateable":false,"isUpdateable":true,"isFilterable":true,"isCalculated":false,"showLabel":false,"naturalOrder":0,"linkedFields":["SSN"],"relatedInfos":[],"references":[]},"expression":"SSN"},{"@type":"fieldMap","id":"5319626","targetField":{"@type":"field","id":14140108,"name":"Phone_No_","type":"nstring","uniqueName":"Phone_No_","label":"Phone_No_","parentObject":"abc.csv","pcType":"UNISTRING","precision":255,"scale":0,"columnIndex":28,"isKey":false,"isExternalId":false,"isSfIdLookup":false,"isNullable":true,"isUnique":false,"isCreateable":false,"isUpdateable":true,"isFilterable":true,"isCalculated":false,"showLabel":false,"naturalOrder":0,"linkedFields":["Phone_No_"],"relatedInfos":[],"references":[]},"expression":"Phone_No_"},{"@type":"fieldMap","id":"5319627","targetField":{"@type":"field","id":14140109,"name":"Place_Name","type":"nstring","uniqueName":"Place_Name","label":"Place_Name","parentObject":"abc.csv","pcType":"UNISTRING","precision":255,"scale":0,"columnIndex":29,"isKey":false,"isExternalId":false,"isSfIdLookup":false,"isNullable":true,"isUnique":false,"isCreateable":false,"isUpdateable":true,"isFilterable":true,"isCalculated":false,"showLabel":false,"naturalOrder":0,"linkedFields":["Place_Name"],"relatedInfos":[],"references":[]},"expression":"Place_Name"},{"@type":"fieldMap","id":"5319628","targetField":{"@type":"field","id":14140110,"name":"County","type":"nstring","uniqueName":"County","label":"County","parentObject":"abc.csv","pcType":"UNISTRING","precision":255,"scale":0,"columnIndex":30,"isKey":false,"isExternalId":false,"isSfIdLookup":false,"isNullable":true,"isUnique":false,"isCreateable":false,"isUpdateable":true,"isFilterable":true,"isCalculated":false,"showLabel":false,"naturalOrder":0,"linkedFields":["County"],"relatedInfos":[],"references":[]},"expression":"County"},{"@type":"fieldMap","id":"5319629","targetField":{"@type":"field","id":14140111,"name":"City","type":"nstring","uniqueName":"City","label":"City","parentObject":"abc.csv","pcType":"UNISTRING","precision":255,"scale":0,"columnIndex":31,"isKey":false,"isExternalId":false,"isSfIdLookup":false,"isNullable":true,"isUnique":false,"isCreateable":false,"isUpdateable":true,"isFilterable":true,"isCalculated":false,"showLabel":false,"naturalOrder":0,"linkedFields":["City"],"relatedInfos":[],"references":[]},"expression":"City"},{"@type":"fieldMap","id":"5319630","targetField":{"@type":"field","id":14140112,"name":"State","type":"nstring","uniqueName":"State","label":"State","parentObject":"abc.csv","pcType":"UNISTRING","precision":255,"scale":0,"columnIndex":32,"isKey":false,"isExternalId":false,"isSfIdLookup":false,"isNullable":true,"isUnique":false,"isCreateable":false,"isUpdateable":true,"isFilterable":true,"isCalculated":false,"showLabel":false,"naturalOrder":0,"linkedFields":["State"],"relatedInfos":[],"references":[]},"expression":"State"},{"@type":"fieldMap","id":"5319631","targetField":{"@type":"field","id":14140113,"name":"Zip","type":"nstring","uniqueName":"Zip","label":"Zip","parentObject":"abc.csv","pcType":"UNISTRING","precision":255,"scale":0,"columnIndex":33,"isKey":false,"isExternalId":false,"isSfIdLookup":false,"isNullable":true,"isUnique":false,"isCreateable":false,"isUpdateable":true,"isFilterable":true,"isCalculated":false,"showLabel":false,"naturalOrder":0,"linkedFields":["Zip"],"relatedInfos":[],"references":[]},"expression":"Zip"},{"@type":"fieldMap","id":"5319632","targetField":{"@type":"field","id":14140114,"name":"Region","type":"nstring","uniqueName":"Region","label":"Region","parentObject":"abc.csv","pcType":"UNISTRING","precision":255,"scale":0,"columnIndex":34,"isKey":false,"isExternalId":false,"isSfIdLookup":false,"isNullable":true,"isUnique":false,"isCreateable":false,"isUpdateable":true,"isFilterable":true,"isCalculated":false,"showLabel":false,"naturalOrder":0,"linkedFields":["Region"],"relatedInfos":[],"references":[]},"expression":"Region"},{"@type":"fieldMap","id":"5319633","targetField":{"@type":"field","id":14140115,"name":"User_Name","type":"nstring","uniqueName":"User_Name","label":"User_Name","parentObject":"abc.csv","pcType":"UNISTRING","precision":255,"scale":0,"columnIndex":35,"isKey":false,"isExternalId":false,"isSfIdLookup":false,"isNullable":true,"isUnique":false,"isCreateable":false,"isUpdateable":true,"isFilterable":true,"isCalculated":false,"showLabel":false,"naturalOrder":0,"linkedFields":["User_Name"],"relatedInfos":[],"references":[]},"expression":"User_Name"},{"@type":"fieldMap","id":"5319634","targetField":{"@type":"field","id":14140116,"name":"Password","type":"nstring","uniqueName":"Password","label":"Password","parentObject":"abc.csv","pcType":"UNISTRING","precision":255,"scale":0,"columnIndex":36,"isKey":false,"isExternalId":false,"isSfIdLookup":false,"isNullable":true,"isUnique":false,"isCreateable":false,"isUpdateable":true,"isFilterable":true,"isCalculated":false,"showLabel":false,"naturalOrder":0,"linkedFields":["Password"],"relatedInfos":[],"references":[]},"expression":"Password"},{"@type":"fieldMap","id":"5319635","targetField":{"@type":"field","id":14140117,"name":"LastRunDate","type":"nstring","uniqueName":"LastRunDate","label":"LastRunDate","parentObject":"abc.csv","pcType":"UNISTRING","precision":255,"scale":0,"columnIndex":37,"isKey":false,"isExternalId":false,"isSfIdLookup":false,"isNullable":true,"isUnique":false,"isCreateable":false,"isUpdateable":true,"isFilterable":true,"isCalculated":false,"showLabel":false,"naturalOrder":0,"linkedFields":[],"relatedInfos":[],"references":[]}},{"@type":"fieldMap","id":"5319636","targetField":{"@type":"field","id":14140118,"name":"LastRunTime","type":"nstring","uniqueName":"LastRunTime","label":"LastRunTime","parentObject":"abc.csv","pcType":"UNISTRING","precision":255,"scale":0,"columnIndex":38,"isKey":false,"isExternalId":false,"isSfIdLookup":false,"isNullable":true,"isUnique":false,"isCreateable":false,"isUpdateable":true,"isFilterable":true,"isCalculated":false,"showLabel":false,"naturalOrder":0,"linkedFields":[],"relatedInfos":[],"references":[]}}],"sourceFields":[{"@type":"field","id":14140119,"name":"Emp_ID","type":"nstring","uniqueName":"Emp_ID","label":"Emp_ID","parentObject":"emp.csv","pcType":"UNISTRING","precision":255,"scale":0,"columnIndex":0,"isKey":false,"isExternalId":false,"isSfIdLookup":false,"isNullable":true,"isUnique":false,"isCreateable":false,"isUpdateable":true,"isFilterable":true,"isCalculated":false,"showLabel":false,"naturalOrder":0,"linkedFields":["Emp_ID"],"relatedInfos":[],"references":[]},{"@type":"field","id":14140120,"name":"Name_Prefix","type":"nstring","uniqueName":"Name_Prefix","label":"Name_Prefix","parentObject":"emp.csv","pcType":"UNISTRING","precision":255,"scale":0,"columnIndex":1,"isKey":false,"isExternalId":false,"isSfIdLookup":false,"isNullable":true,"isUnique":false,"isCreateable":false,"isUpdateable":true,"isFilterable":true,"isCalculated":false,"showLabel":false,"naturalOrder":0,"linkedFields":["Name_Prefix"],"relatedInfos":[],"references":[]},{"@type":"field","id":14140121,"name":"First_Name","type":"nstring","uniqueName":"First_Name","label":"First_Name","parentObject":"emp.csv","pcType":"UNISTRING","precision":255,"scale":0,"columnIndex":2,"isKey":false,"isExternalId":false,"isSfIdLookup":false,"isNullable":true,"isUnique":false,"isCreateable":false,"isUpdateable":true,"isFilterable":true,"isCalculated":false,"showLabel":false,"naturalOrder":0,"linkedFields":["First_Name"],"relatedInfos":[],"references":[]},{"@type":"field","id":14140122,"name":"Middle_Initial","type":"nstring","uniqueName":"Middle_Initial","label":"Middle_Initial","parentObject":"emp.csv","pcType":"UNISTRING","precision":255,"scale":0,"columnIndex":3,"isKey":false,"isExternalId":false,"isSfIdLookup":false,"isNullable":true,"isUnique":false,"isCreateable":false,"isUpdateable":true,"isFilterable":true,"isCalculated":false,"showLabel":false,"naturalOrder":0,"linkedFields":["Middle_Initial"],"relatedInfos":[],"references":[]},{"@type":"field","id":14140123,"name":"Last_Name","type":"nstring","uniqueName":"Last_Name","label":"Last_Name","parentObject":"emp.csv","pcType":"UNISTRING","precision":255,"scale":0,"columnIndex":4,"isKey":false,"isExternalId":false,"isSfIdLookup":false,"isNullable":true,"isUnique":false,"isCreateable":false,"isUpdateable":true,"isFilterable":true,"isCalculated":false,"showLabel":false,"naturalOrder":0,"linkedFields":["Last_Name"],"relatedInfos":[],"references":[]},{"@type":"field","id":14140124,"name":"Gender","type":"nstring","uniqueName":"Gender","label":"Gender","parentObject":"emp.csv","pcType":"UNISTRING","precision":255,"scale":0,"columnIndex":5,"isKey":false,"isExternalId":false,"isSfIdLookup":false,"isNullable":true,"isUnique":false,"isCreateable":false,"isUpdateable":true,"isFilterable":true,"isCalculated":false,"showLabel":false,"naturalOrder":0,"linkedFields":["Gender"],"relatedInfos":[],"references":[]},{"@type":"field","id":14140125,"name":"E_Mail","type":"nstring","uniqueName":"E_Mail","label":"E_Mail","parentObject":"emp.csv","pcType":"UNISTRING","precision":255,"scale":0,"columnIndex":6,"isKey":false,"isExternalId":false,"isSfIdLookup":false,"isNullable":true,"isUnique":false,"isCreateable":false,"isUpdateable":true,"isFilterable":true,"isCalculated":false,"showLabel":false,"naturalOrder":0,"linkedFields":["E_Mail"],"relatedInfos":[],"references":[]},{"@type":"field","id":14140126,"name":"Father_s_Name","type":"nstring","uniqueName":"Father_s_Name","label":"Father_s_Name","parentObject":"emp.csv","pcType":"UNISTRING","precision":255,"scale":0,"columnIndex":7,"isKey":false,"isExternalId":false,"isSfIdLookup":false,"isNullable":true,"isUnique":false,"isCreateable":false,"isUpdateable":true,"isFilterable":true,"isCalculated":false,"showLabel":false,"naturalOrder":0,"linkedFields":["Father_s_Name"],"relatedInfos":[],"references":[]},{"@type":"field","id":14140127,"name":"Mother_s_Name","type":"nstring","uniqueName":"Mother_s_Name","label":"Mother_s_Name","parentObject":"emp.csv","pcType":"UNISTRING","precision":255,"scale":0,"columnIndex":8,"isKey":false,"isExternalId":false,"isSfIdLookup":false,"isNullable":true,"isUnique":false,"isCreateable":false,"isUpdateable":true,"isFilterable":true,"isCalculated":false,"showLabel":false,"naturalOrder":0,"linkedFields":["Mother_s_Name"],"relatedInfos":[],"references":[]},{"@type":"field","id":14140128,"name":"Mother_s_Maiden_Name","type":"nstring","uniqueName":"Mother_s_Maiden_Name","label":"Mother_s_Maiden_Name","parentObject":"emp.csv","pcType":"UNISTRING","precision":255,"scale":0,"columnIndex":9,"isKey":false,"isExternalId":false,"isSfIdLookup":false,"isNullable":true,"isUnique":false,"isCreateable":false,"isUpdateable":true,"isFilterable":true,"isCalculated":false,"showLabel":false,"naturalOrder":0,"linkedFields":["Mother_s_Maiden_Name"],"relatedInfos":[],"references":[]},{"@type":"field","id":14140129,"name":"Date_of_Birth","type":"nstring","uniqueName":"Date_of_Birth","label":"Date_of_Birth","parentObject":"emp.csv","pcType":"UNISTRING","precision":255,"scale":0,"columnIndex":10,"isKey":false,"isExternalId":false,"isSfIdLookup":false,"isNullable":true,"isUnique":false,"isCreateable":false,"isUpdateable":true,"isFilterable":true,"isCalculated":false,"showLabel":false,"naturalOrder":0,"linkedFields":["Date_of_Birth"],"relatedInfos":[],"references":[]},{"@type":"field","id":14140130,"name":"Time_of_Birth","type":"nstring","uniqueName":"Time_of_Birth","label":"Time_of_Birth","parentObject":"emp.csv","pcType":"UNISTRING","precision":255,"scale":0,"columnIndex":11,"isKey":false,"isExternalId":false,"isSfIdLookup":false,"isNullable":true,"isUnique":false,"isCreateable":false,"isUpdateable":true,"isFilterable":true,"isCalculated":false,"showLabel":false,"naturalOrder":0,"linkedFields":["Time_of_Birth"],"relatedInfos":[],"references":[]},{"@type":"field","id":14140131,"name":"Age_in_Yrs_","type":"nstring","uniqueName":"Age_in_Yrs_","label":"Age_in_Yrs_","parentObject":"emp.csv","pcType":"UNISTRING","precision":255,"scale":0,"columnIndex":12,"isKey":false,"isExternalId":false,"isSfIdLookup":false,"isNullable":true,"isUnique":false,"isCreateable":false,"isUpdateable":true,"isFilterable":true,"isCalculated":false,"showLabel":false,"naturalOrder":0,"linkedFields":["Age_in_Yrs_"],"relatedInfos":[],"references":[]},{"@type":"field","id":14140132,"name":"Weight_in_Kgs_","type":"nstring","uniqueName":"Weight_in_Kgs_","label":"Weight_in_Kgs_","parentObject":"emp.csv","pcType":"UNISTRING","precision":255,"scale":0,"columnIndex":13,"isKey":false,"isExternalId":false,"isSfIdLookup":false,"isNullable":true,"isUnique":false,"isCreateable":false,"isUpdateable":true,"isFilterable":true,"isCalculated":false,"showLabel":false,"naturalOrder":0,"linkedFields":["Weight_in_Kgs_"],"relatedInfos":[],"references":[]},{"@type":"field","id":14140133,"name":"Date_of_Joining","type":"nstring","uniqueName":"Date_of_Joining","label":"Date_of_Joining","parentObject":"emp.csv","pcType":"UNISTRING","precision":255,"scale":0,"columnIndex":14,"isKey":false,"isExternalId":false,"isSfIdLookup":false,"isNullable":true,"isUnique":false,"isCreateable":false,"isUpdateable":true,"isFilterable":true,"isCalculated":false,"showLabel":false,"naturalOrder":0,"linkedFields":["Date_of_Joining"],"relatedInfos":[],"references":[]},{"@type":"field","id":14140134,"name":"Quarter_of_Joining","type":"nstring","uniqueName":"Quarter_of_Joining","label":"Quarter_of_Joining","parentObject":"emp.csv","pcType":"UNISTRING","precision":255,"scale":0,"columnIndex":15,"isKey":false,"isExternalId":false,"isSfIdLookup":false,"isNullable":true,"isUnique":false,"isCreateable":false,"isUpdateable":true,"isFilterable":true,"isCalculated":false,"showLabel":false,"naturalOrder":0,"linkedFields":["Quarter_of_Joining"],"relatedInfos":[],"references":[]},{"@type":"field","id":14140135,"name":"Half_of_Joining","type":"nstring","uniqueName":"Half_of_Joining","label":"Half_of_Joining","parentObject":"emp.csv","pcType":"UNISTRING","precision":255,"scale":0,"columnIndex":16,"isKey":false,"isExternalId":false,"isSfIdLookup":false,"isNullable":true,"isUnique":false,"isCreateable":false,"isUpdateable":true,"isFilterable":true,"isCalculated":false,"showLabel":false,"naturalOrder":0,"linkedFields":["Half_of_Joining"],"relatedInfos":[],"references":[]},{"@type":"field","id":14140136,"name":"Year_of_Joining","type":"nstring","uniqueName":"Year_of_Joining","label":"Year_of_Joining","parentObject":"emp.csv","pcType":"UNISTRING","precision":255,"scale":0,"columnIndex":17,"isKey":false,"isExternalId":false,"isSfIdLookup":false,"isNullable":true,"isUnique":false,"isCreateable":false,"isUpdateable":true,"isFilterable":true,"isCalculated":false,"showLabel":false,"naturalOrder":0,"linkedFields":["Year_of_Joining"],"relatedInfos":[],"references":[]},{"@type":"field","id":14140137,"name":"Month_of_Joining","type":"nstring","uniqueName":"Month_of_Joining","label":"Month_of_Joining","parentObject":"emp.csv","pcType":"UNISTRING","precision":255,"scale":0,"columnIndex":18,"isKey":false,"isExternalId":false,"isSfIdLookup":false,"isNullable":true,"isUnique":false,"isCreateable":false,"isUpdateable":true,"isFilterable":true,"isCalculated":false,"showLabel":false,"naturalOrder":0,"linkedFields":["Month_of_Joining"],"relatedInfos":[],"references":[]},{"@type":"field","id":14140138,"name":"Month_Name_of_Joining","type":"nstring","uniqueName":"Month_Name_of_Joining","label":"Month_Name_of_Joining","parentObject":"emp.csv","pcType":"UNISTRING","precision":255,"scale":0,"columnIndex":19,"isKey":false,"isExternalId":false,"isSfIdLookup":false,"isNullable":true,"isUnique":false,"isCreateable":false,"isUpdateable":true,"isFilterable":true,"isCalculated":false,"showLabel":false,"naturalOrder":0,"linkedFields":["Month_Name_of_Joining"],"relatedInfos":[],"references":[]},{"@type":"field","id":14140139,"name":"Short_Month","type":"nstring","uniqueName":"Short_Month","label":"Short_Month","parentObject":"emp.csv","pcType":"UNISTRING","precision":255,"scale":0,"columnIndex":20,"isKey":false,"isExternalId":false,"isSfIdLookup":false,"isNullable":true,"isUnique":false,"isCreateable":false,"isUpdateable":true,"isFilterable":true,"isCalculated":false,"showLabel":false,"naturalOrder":0,"linkedFields":["Short_Month"],"relatedInfos":[],"references":[]},{"@type":"field","id":14140140,"name":"Day_of_Joining","type":"nstring","uniqueName":"Day_of_Joining","label":"Day_of_Joining","parentObject":"emp.csv","pcType":"UNISTRING","precision":255,"scale":0,"columnIndex":21,"isKey":false,"isExternalId":false,"isSfIdLookup":false,"isNullable":true,"isUnique":false,"isCreateable":false,"isUpdateable":true,"isFilterable":true,"isCalculated":false,"showLabel":false,"naturalOrder":0,"linkedFields":["Day_of_Joining"],"relatedInfos":[],"references":[]},{"@type":"field","id":14140141,"name":"DOW_of_Joining","type":"nstring","uniqueName":"DOW_of_Joining","label":"DOW_of_Joining","parentObject":"emp.csv","pcType":"UNISTRING","precision":255,"scale":0,"columnIndex":22,"isKey":false,"isExternalId":false,"isSfIdLookup":false,"isNullable":true,"isUnique":false,"isCreateable":false,"isUpdateable":true,"isFilterable":true,"isCalculated":false,"showLabel":false,"naturalOrder":0,"linkedFields":["DOW_of_Joining"],"relatedInfos":[],"references":[]},{"@type":"field","id":14140142,"name":"Short_DOW","type":"nstring","uniqueName":"Short_DOW","label":"Short_DOW","parentObject":"emp.csv","pcType":"UNISTRING","precision":255,"scale":0,"columnIndex":23,"isKey":false,"isExternalId":false,"isSfIdLookup":false,"isNullable":true,"isUnique":false,"isCreateable":false,"isUpdateable":true,"isFilterable":true,"isCalculated":false,"showLabel":false,"naturalOrder":0,"linkedFields":["Short_DOW"],"relatedInfos":[],"references":[]},{"@type":"field","id":14140143,"name":"Age_in_Company__Years_","type":"nstring","uniqueName":"Age_in_Company__Years_","label":"Age_in_Company__Years_","parentObject":"emp.csv","pcType":"UNISTRING","precision":255,"scale":0,"columnIndex":24,"isKey":false,"isExternalId":false,"isSfIdLookup":false,"isNullable":true,"isUnique":false,"isCreateable":false,"isUpdateable":true,"isFilterable":true,"isCalculated":false,"showLabel":false,"naturalOrder":0,"linkedFields":["Age_in_Company__Years_"],"relatedInfos":[],"references":[]},{"@type":"field","id":14140144,"name":"Salary","type":"nstring","uniqueName":"Salary","label":"Salary","parentObject":"emp.csv","pcType":"UNISTRING","precision":255,"scale":0,"columnIndex":25,"isKey":false,"isExternalId":false,"isSfIdLookup":false,"isNullable":true,"isUnique":false,"isCreateable":false,"isUpdateable":true,"isFilterable":true,"isCalculated":false,"showLabel":false,"naturalOrder":0,"linkedFields":["Salary"],"relatedInfos":[],"references":[]},{"@type":"field","id":14140145,"name":"Last___Hike","type":"nstring","uniqueName":"Last___Hike","label":"Last___Hike","parentObject":"emp.csv","pcType":"UNISTRING","precision":255,"scale":0,"columnIndex":26,"isKey":false,"isExternalId":false,"isSfIdLookup":false,"isNullable":true,"isUnique":false,"isCreateable":false,"isUpdateable":true,"isFilterable":true,"isCalculated":false,"showLabel":false,"naturalOrder":0,"linkedFields":["Last___Hike"],"relatedInfos":[],"references":[]},{"@type":"field","id":14140146,"name":"SSN","type":"nstring","uniqueName":"SSN","label":"SSN","parentObject":"emp.csv","pcType":"UNISTRING","precision":255,"scale":0,"columnIndex":27,"isKey":false,"isExternalId":false,"isSfIdLookup":false,"isNullable":true,"isUnique":false,"isCreateable":false,"isUpdateable":true,"isFilterable":true,"isCalculated":false,"showLabel":false,"naturalOrder":0,"linkedFields":["SSN"],"relatedInfos":[],"references":[]},{"@type":"field","id":14140147,"name":"Phone_No_","type":"nstring","uniqueName":"Phone_No_","label":"Phone_No_","parentObject":"emp.csv","pcType":"UNISTRING","precision":255,"scale":0,"columnIndex":28,"isKey":false,"isExternalId":false,"isSfIdLookup":false,"isNullable":true,"isUnique":false,"isCreateable":false,"isUpdateable":true,"isFilterable":true,"isCalculated":false,"showLabel":false,"naturalOrder":0,"linkedFields":["Phone_No_"],"relatedInfos":[],"references":[]},{"@type":"field","id":14140148,"name":"Place_Name","type":"nstring","uniqueName":"Place_Name","label":"Place_Name","parentObject":"emp.csv","pcType":"UNISTRING","precision":255,"scale":0,"columnIndex":29,"isKey":false,"isExternalId":false,"isSfIdLookup":false,"isNullable":true,"isUnique":false,"isCreateable":false,"isUpdateable":true,"isFilterable":true,"isCalculated":false,"showLabel":false,"naturalOrder":0,"linkedFields":["Place_Name"],"relatedInfos":[],"references":[]},{"@type":"field","id":14140149,"name":"County","type":"nstring","uniqueName":"County","label":"County","parentObject":"emp.csv","pcType":"UNISTRING","precision":255,"scale":0,"columnIndex":30,"isKey":false,"isExternalId":false,"isSfIdLookup":false,"isNullable":true,"isUnique":false,"isCreateable":false,"isUpdateable":true,"isFilterable":true,"isCalculated":false,"showLabel":false,"naturalOrder":0,"linkedFields":["County"],"relatedInfos":[],"references":[]},{"@type":"field","id":14140150,"name":"City","type":"nstring","uniqueName":"City","label":"City","parentObject":"emp.csv","pcType":"UNISTRING","precision":255,"scale":0,"columnIndex":31,"isKey":false,"isExternalId":false,"isSfIdLookup":false,"isNullable":true,"isUnique":false,"isCreateable":false,"isUpdateable":true,"isFilterable":true,"isCalculated":false,"showLabel":false,"naturalOrder":0,"linkedFields":["City"],"relatedInfos":[],"references":[]},{"@type":"field","id":14140151,"name":"State","type":"nstring","uniqueName":"State","label":"State","parentObject":"emp.csv","pcType":"UNISTRING","precision":255,"scale":0,"columnIndex":32,"isKey":false,"isExternalId":false,"isSfIdLookup":false,"isNullable":true,"isUnique":false,"isCreateable":false,"isUpdateable":true,"isFilterable":true,"isCalculated":false,"showLabel":false,"naturalOrder":0,"linkedFields":["State"],"relatedInfos":[],"references":[]},{"@type":"field","id":14140152,"name":"Zip","type":"nstring","uniqueName":"Zip","label":"Zip","parentObject":"emp.csv","pcType":"UNISTRING","precision":255,"scale":0,"columnIndex":33,"isKey":false,"isExternalId":false,"isSfIdLookup":false,"isNullable":true,"isUnique":false,"isCreateable":false,"isUpdateable":true,"isFilterable":true,"isCalculated":false,"showLabel":false,"naturalOrder":0,"linkedFields":["Zip"],"relatedInfos":[],"references":[]},{"@type":"field","id":14140153,"name":"Region","type":"nstring","uniqueName":"Region","label":"Region","parentObject":"emp.csv","pcType":"UNISTRING","precision":255,"scale":0,"columnIndex":34,"isKey":false,"isExternalId":false,"isSfIdLookup":false,"isNullable":true,"isUnique":false,"isCreateable":false,"isUpdateable":true,"isFilterable":true,"isCalculated":false,"showLabel":false,"naturalOrder":0,"linkedFields":["Region"],"relatedInfos":[],"references":[]},{"@type":"field","id":14140154,"name":"User_Name","type":"nstring","uniqueName":"User_Name","label":"User_Name","parentObject":"emp.csv","pcType":"UNISTRING","precision":255,"scale":0,"columnIndex":35,"isKey":false,"isExternalId":false,"isSfIdLookup":false,"isNullable":true,"isUnique":false,"isCreateable":false,"isUpdateable":true,"isFilterable":true,"isCalculated":false,"showLabel":false,"naturalOrder":0,"linkedFields":["User_Name"],"relatedInfos":[],"references":[]},{"@type":"field","id":14140155,"name":"Password","type":"nstring","uniqueName":"Password","label":"Password","parentObject":"emp.csv","pcType":"UNISTRING","precision":255,"scale":0,"columnIndex":36,"isKey":false,"isExternalId":false,"isSfIdLookup":false,"isNullable":true,"isUnique":false,"isCreateable":false,"isUpdateable":true,"isFilterable":true,"isCalculated":false,"showLabel":false,"naturalOrder":0,"linkedFields":["Password"],"relatedInfos":[],"references":[]}],"sortFields":[],"groupFields":[]}]