[{"@type":"workflow","id":"@1","name":"LTF_inlineActionDepen2","maxLogs":10,"references":[{"@type":"reference","refObjectId":"@5KcP7J34stSlQFMhVoCx4x","refType":"mtTask"},{"@type":"reference","refObjectId":"@6KjqT3Fsa3he8Oy9qXrW8u","refType":"drsTask"},{"@type":"reference","refObjectId":"@5qweJfiWHvjge0YPuYLwAx","refType":"dssTask"},{"@type":"reference","refObjectId":"@529ubIomP4JhZDU7YGFEwS","refType":"pcsTask"}],"tasks":[{"@type":"workflowTask","taskId":"@5KcP7J34stSlQFMhVoCx4x","type":"MTT","name":"MCT_inlineActionDepen2","stopOnError":false,"stopOnWarning":false},{"@type":"workflowTask","taskId":"@6KjqT3Fsa3he8Oy9qXrW8u","type":"DRS","name":"drs_inlineActionDepen","stopOnError":false,"stopOnWarning":false},{"@type":"workflowTask","taskId":"@5qweJfiWHvjge0YPuYLwAx","type":"DSS","name":"dss_inlineActionDepen","stopOnError":false,"stopOnWarning":false},{"@type":"workflowTask","taskId":"@529ubIomP4JhZDU7YGFEwS","type":"PCS","name":"PCS_inlineActionDepen","stopOnError":false,"stopOnWarning":false}]}]