[{"@type":"workflow","id":"@1","name":"LTF_inlineActionDepen2","maxLogs":10,"references":[{"@type":"reference","refObjectId":"@jHrKQXs4QydeFQvO9lIfwH","refType":"mtTask"},{"@type":"reference","refObjectId":"@9NJzKfO1nycgr8NfWKqxGB","refType":"drsTask"},{"@type":"reference","refObjectId":"@4KFQLQfnDsFd73Y5FKGPu3","refType":"dssTask"},{"@type":"reference","refObjectId":"@52yo1LxctEreylTkbUB96S","refType":"pcsTask"}],"tasks":[{"@type":"workflowTask","taskId":"@jHrKQXs4QydeFQvO9lIfwH","type":"MTT","name":"MCT_inlineActionDepen2","stopOnError":false,"stopOnWarning":false},{"@type":"workflowTask","taskId":"@9NJzKfO1nycgr8NfWKqxGB","type":"DRS","name":"drs_inlineActionDepen","stopOnError":false,"stopOnWarning":false},{"@type":"workflowTask","taskId":"@4KFQLQfnDsFd73Y5FKGPu3","type":"DSS","name":"dss_inlineActionDepen","stopOnError":false,"stopOnWarning":false},{"@type":"workflowTask","taskId":"@52yo1LxctEreylTkbUB96S","type":"PCS","name":"PCS_inlineActionDepen","stopOnError":false,"stopOnWarning":false}]}]