[{"@type":"workflow","id":"@1","name":"LTF_inlineActionDepen2","maxLogs":10,"references":[{"@type":"reference","refObjectId":"@d5QfpkS2voleqlXII0gEud","refType":"mtTask"},{"@type":"reference","refObjectId":"@4o6Ud4UJ5cThXnX855cP4L","refType":"drsTask"},{"@type":"reference","refObjectId":"@2Lhr6w1HMe9lVTT5pZ75uz","refType":"dssTask"},{"@type":"reference","refObjectId":"@2SCx7SgYASBhurvCjl5Ayw","refType":"pcsTask"}],"tasks":[{"@type":"workflowTask","taskId":"@d5QfpkS2voleqlXII0gEud","type":"MTT","name":"MCT_inlineActionDepen2","stopOnError":false,"stopOnWarning":false},{"@type":"workflowTask","taskId":"@4o6Ud4UJ5cThXnX855cP4L","type":"DRS","name":"drs_inlineActionDepen","stopOnError":false,"stopOnWarning":false},{"@type":"workflowTask","taskId":"@2Lhr6w1HMe9lVTT5pZ75uz","type":"DSS","name":"dss_inlineActionDepen","stopOnError":false,"stopOnWarning":false},{"@type":"workflowTask","taskId":"@2SCx7SgYASBhurvCjl5Ayw","type":"PCS","name":"PCS_inlineActionDepen","stopOnError":false,"stopOnWarning":false}]}]