[{"@type":"workflow","id":"@1","name":"LTF_inlineActionDepen2","maxLogs":10,"references":[{"@type":"reference","refObjectId":"@3509jRVCrRgfCxbB0kdoM3","refType":"mtTask"},{"@type":"reference","refObjectId":"@dvBSyxuKowDcGFZzVjF245","refType":"drsTask"},{"@type":"reference","refObjectId":"@aQEuFH8QfaJdwMNCnevyEU","refType":"dssTask"},{"@type":"reference","refObjectId":"@hSsgiyyOOOabhfYCTDiwmo","refType":"pcsTask"}],"tasks":[{"@type":"workflowTask","taskId":"@3509jRVCrRgfCxbB0kdoM3","type":"MTT","name":"MCT_inlineActionDepen2","stopOnError":false,"stopOnWarning":false},{"@type":"workflowTask","taskId":"@dvBSyxuKowDcGFZzVjF245","type":"DRS","name":"drs_inlineActionDepen","stopOnError":false,"stopOnWarning":false},{"@type":"workflowTask","taskId":"@aQEuFH8QfaJdwMNCnevyEU","type":"DSS","name":"dss_inlineActionDepen","stopOnError":false,"stopOnWarning":false},{"@type":"workflowTask","taskId":"@hSsgiyyOOOabhfYCTDiwmo","type":"PCS","name":"PCS_inlineActionDepen","stopOnError":false,"stopOnWarning":false}]}]