[{"@type":"workflow","id":"@1","name":"LTF_inlineActionDepen2","maxLogs":10,"references":[{"@type":"reference","refObjectId":"@2DgQJ4fGF81hXEPSGJQMMo","refType":"mtTask"},{"@type":"reference","refObjectId":"@1tBeiC7PJBAbRHHV1Ox9mp","refType":"drsTask"},{"@type":"reference","refObjectId":"@6TCgEFdDQR0ld6s5vMI6mz","refType":"dssTask"},{"@type":"reference","refObjectId":"@a4Cpzs8utAqdIE1WUsVwes","refType":"pcsTask"}],"tasks":[{"@type":"workflowTask","taskId":"@2DgQJ4fGF81hXEPSGJQMMo","type":"MTT","name":"MCT_inlineActionDepen2","stopOnError":false,"stopOnWarning":false},{"@type":"workflowTask","taskId":"@1tBeiC7PJBAbRHHV1Ox9mp","type":"DRS","name":"drs_inlineActionDepen","stopOnError":false,"stopOnWarning":false},{"@type":"workflowTask","taskId":"@6TCgEFdDQR0ld6s5vMI6mz","type":"DSS","name":"dss_inlineActionDepen","stopOnError":false,"stopOnWarning":false},{"@type":"workflowTask","taskId":"@a4Cpzs8utAqdIE1WUsVwes","type":"PCS","name":"PCS_inlineActionDepen","stopOnError":false,"stopOnWarning":false}]}]