[{"@type":"mappingTemplate","id":"@1","name":"CMD_onPremtgt_Mock","description":"","bundleVersion":"0","templateId":"@3","deployTime":1582308766000,"hasParameters":false,"valid":true,"fixedConnection":true,"hasParametersDeployed":false,"fixedConnectionDeployed":true,"tasks":1,"mappingPreviewFileRecordId":"@2","documentType":"","references":[{"@type":"reference","refObjectId":"@dNx4F9e5s64fWtnvcSnuyp","refType":"connection"},{"@type":"reference","refObjectId":"@0z7xqd4WG4CcQfN6wMhJ85","refType":"connection"}]}]