[{"@type":"mappingTemplate","id":"@1","name":"CMD_MockConnector_SQLServer_SQLDWTgt","description":"","bundleVersion":"0","templateId":"@3","deployTime":1582306617000,"hasParameters":false,"valid":true,"fixedConnection":true,"hasParametersDeployed":false,"fixedConnectionDeployed":true,"tasks":0,"mappingPreviewFileRecordId":"@2","documentType":"","references":[{"@type":"reference","refObjectId":"@gvy6TJIHJuRdKBjvJvEaEC","refType":"connection"},{"@type":"reference","refObjectId":"@bo26EPxcB4kcVqBFfj5Xww","refType":"connection"}]}]