[{"@type":"mappingTemplate","id":"@1","name":"CMD_Param_mockconnector","description":"","bundleVersion":"0","templateId":"@3","deployTime":1582228523000,"hasParameters":false,"valid":true,"fixedConnection":true,"hasParametersDeployed":true,"fixedConnectionDeployed":false,"tasks":0,"mappingPreviewFileRecordId":"@2","documentType":"","references":[{"@type":"reference","refObjectId":"@4HA5xZCBZYwc2EgnY0IQkx","refType":"connection"},{"@type":"reference","refObjectId":"@2nZR0D50OqgbIYEkiyon29","refType":"connection"}]}]