[{"@type":"workflow","id":"@1","name":"BulkUnlink_LTF_FF_FF","maxLogs":10,"references":[{"@type":"reference","refObjectId":"@34Qe1Afd3uDjysbryIhPwt","refType":"mtTask"},{"@type":"reference","refObjectId":"@fCiOdjgOLSJkrOBOnv9m6w","refType":"dssTask"}],"tasks":[{"@type":"workflowTask","taskId":"@34Qe1Afd3uDjysbryIhPwt","type":"MTT","name":"BulkUnlink_LTF_Mapping_Task","stopOnError":false,"stopOnWarning":false},{"@type":"workflowTask","taskId":"@fCiOdjgOLSJkrOBOnv9m6w","type":"DSS","name":"BulkUnlink_LTF_DSS_FF_FF","stopOnError":false,"stopOnWarning":false}]}]