[{"@type":"workflow","id":"@1","name":"BulkUnlink_LTF_FF_FF","maxLogs":10,"references":[{"@type":"reference","refObjectId":"@1hNvuY9SNQIgKTW8yhWJWZ","refType":"mtTask"},{"@type":"reference","refObjectId":"@iDEMf63cxCMiuWEG5LFtkt","refType":"dssTask"}],"tasks":[{"@type":"workflowTask","taskId":"@1hNvuY9SNQIgKTW8yhWJWZ","type":"MTT","name":"BulkUnlink_LTF_Mapping_Task","stopOnError":false,"stopOnWarning":false},{"@type":"workflowTask","taskId":"@iDEMf63cxCMiuWEG5LFtkt","type":"DSS","name":"BulkUnlink_LTF_DSS_FF_FF","stopOnError":false,"stopOnWarning":false}]}]