[{"@type":"customFunc","id":"@1","name":"mplt_multiple_transformations","mappletName":"mplt_Multi_Trans_Fil_Exp","active":true,"mappletXmlFile":"mplt_Multi_Trans_Fil_Exp_Active.XML","category":"POWERCENTER_MAPPLET","inputs":[{"@type":"field","id":105466711,"name":"F1_TESTCASE_DESC","type":"nstring","uniqueName":"F1_TESTCASE_DESC","label":"F1_TESTCASE_DESC","parentObject":"mplt_multiple_transformations","precision":120,"scale":0,"columnIndex":-1,"isKey":false,"isExternalId":false,"isSfIdLookup":false,"isNullable":true,"isUnique":false,"isCreateable":false,"isUpdateable":true,"isFilterable":true,"isCalculated":false,"showLabel":true,"naturalOrder":0,"linkedFields":[],"relatedInfos":[],"references":[]},{"@type":"field","id":105466713,"name":"F2_VARCHAR2_38","type":"nstring","uniqueName":"F2_VARCHAR2_38","label":"F2_VARCHAR2_38","parentObject":"mplt_multiple_transformations","precision":38,"scale":0,"columnIndex":-1,"isKey":false,"isExternalId":false,"isSfIdLookup":false,"isNullable":true,"isUnique":false,"isCreateable":false,"isUpdateable":true,"isFilterable":true,"isCalculated":false,"showLabel":true,"naturalOrder":0,"linkedFields":[],"relatedInfos":[],"references":[]},{"@type":"field","id":105466715,"name":"F3_NVARCHAR2_20","type":"nstring","uniqueName":"F3_NVARCHAR2_20","label":"F3_NVARCHAR2_20","parentObject":"mplt_multiple_transformations","precision":20,"scale":0,"columnIndex":-1,"isKey":false,"isExternalId":false,"isSfIdLookup":false,"isNullable":true,"isUnique":false,"isCreateable":false,"isUpdateable":true,"isFilterable":true,"isCalculated":false,"showLabel":true,"naturalOrder":0,"linkedFields":[],"relatedInfos":[],"references":[]},{"@type":"field","id":105466717,"name":"F4_CHAR_DEF","type":"nstring","uniqueName":"F4_CHAR_DEF","label":"F4_CHAR_DEF","parentObject":"mplt_multiple_transformations","precision":1,"scale":0,"columnIndex":-1,"isKey":false,"isExternalId":false,"isSfIdLookup":false,"isNullable":true,"isUnique":false,"isCreateable":false,"isUpdateable":true,"isFilterable":true,"isCalculated":false,"showLabel":true,"naturalOrder":0,"linkedFields":[],"relatedInfos":[],"references":[]},{"@type":"field","id":105466719,"name":"F5_CHAR_40","type":"nstring","uniqueName":"F5_CHAR_40","label":"F5_CHAR_40","parentObject":"mplt_multiple_transformations","precision":40,"scale":0,"columnIndex":-1,"isKey":false,"isExternalId":false,"isSfIdLookup":false,"isNullable":true,"isUnique":false,"isCreateable":false,"isUpdateable":true,"isFilterable":true,"isCalculated":false,"showLabel":true,"naturalOrder":0,"linkedFields":[],"relatedInfos":[],"references":[]},{"@type":"field","id":105466721,"name":"F6_NCHAR_DEF","type":"nstring","uniqueName":"F6_NCHAR_DEF","label":"F6_NCHAR_DEF","parentObject":"mplt_multiple_transformations","precision":1,"scale":0,"columnIndex":-1,"isKey":false,"isExternalId":false,"isSfIdLookup":false,"isNullable":true,"isUnique":false,"isCreateable":false,"isUpdateable":true,"isFilterable":true,"isCalculated":false,"showLabel":true,"naturalOrder":0,"linkedFields":[],"relatedInfos":[],"references":[]},{"@type":"field","id":105466723,"name":"F7_NCHAR_18","type":"nstring","uniqueName":"F7_NCHAR_18","label":"F7_NCHAR_18","parentObject":"mplt_multiple_transformations","precision":18,"scale":0,"columnIndex":-1,"isKey":false,"isExternalId":false,"isSfIdLookup":false,"isNullable":true,"isUnique":false,"isCreateable":false,"isUpdateable":true,"isFilterable":true,"isCalculated":false,"showLabel":true,"naturalOrder":0,"linkedFields":[],"relatedInfos":[],"references":[]},{"@type":"field","id":105466725,"name":"F8_NUMBER_DEF","type":"integer","uniqueName":"F8_NUMBER_DEF","label":"F8_NUMBER_DEF","parentObject":"mplt_multiple_transformations","precision":10,"scale":0,"columnIndex":-1,"isKey":false,"isExternalId":false,"isSfIdLookup":false,"isNullable":true,"isUnique":false,"isCreateable":false,"isUpdateable":true,"isFilterable":true,"isCalculated":false,"showLabel":true,"naturalOrder":0,"linkedFields":[],"relatedInfos":[],"references":[]},{"@type":"field","id":105466727,"name":"F9_DECIMAL_10_3","type":"decimal","uniqueName":"F9_DECIMAL_10_3","label":"F9_DECIMAL_10_3","parentObject":"mplt_multiple_transformations","precision":10,"scale":3,"columnIndex":-1,"isKey":false,"isExternalId":false,"isSfIdLookup":false,"isNullable":true,"isUnique":false,"isCreateable":false,"isUpdateable":true,"isFilterable":true,"isCalculated":false,"showLabel":true,"naturalOrder":0,"linkedFields":[],"relatedInfos":[],"references":[]},{"@type":"field","id":105466729,"name":"F10_FLOAT_DEF","type":"real","uniqueName":"F10_FLOAT_DEF","label":"F10_FLOAT_DEF","parentObject":"mplt_multiple_transformations","precision":7,"scale":0,"columnIndex":-1,"isKey":false,"isExternalId":false,"isSfIdLookup":false,"isNullable":true,"isUnique":false,"isCreateable":false,"isUpdateable":true,"isFilterable":true,"isCalculated":false,"showLabel":true,"naturalOrder":0,"linkedFields":[],"relatedInfos":[],"references":[]},{"@type":"field","id":105466731,"name":"F11_DATE_DEF","type":"date/time","uniqueName":"F11_DATE_DEF","label":"F11_DATE_DEF","parentObject":"mplt_multiple_transformations","precision":29,"scale":9,"columnIndex":-1,"isKey":false,"isExternalId":false,"isSfIdLookup":false,"isNullable":true,"isUnique":false,"isCreateable":false,"isUpdateable":true,"isFilterable":true,"isCalculated":false,"showLabel":true,"naturalOrder":0,"linkedFields":[],"relatedInfos":[],"references":[]},{"@type":"field","id":105466733,"name":"F12_TIMESTAMP_DEF","type":"date/time","uniqueName":"F12_TIMESTAMP_DEF","label":"F12_TIMESTAMP_DEF","parentObject":"mplt_multiple_transformations","precision":29,"scale":9,"columnIndex":-1,"isKey":false,"isExternalId":false,"isSfIdLookup":false,"isNullable":true,"isUnique":false,"isCreateable":false,"isUpdateable":true,"isFilterable":true,"isCalculated":false,"showLabel":true,"naturalOrder":0,"linkedFields":[],"relatedInfos":[],"references":[]}],"outputs":[{"@type":"field","id":105466735,"name":"F1_TESTCASE_DESC1","type":"nstring","uniqueName":"F1_TESTCASE_DESC1","label":"F1_TESTCASE_DESC1","parentObject":"mplt_multiple_transformations","precision":120,"scale":0,"columnIndex":-1,"isKey":false,"isExternalId":false,"isSfIdLookup":false,"isNullable":true,"isUnique":false,"isCreateable":false,"isUpdateable":true,"isFilterable":true,"isCalculated":false,"showLabel":true,"naturalOrder":0,"linkedFields":[],"relatedInfos":[],"references":[]},{"@type":"field","id":105466737,"name":"F2_VARCHAR2_381","type":"nstring","uniqueName":"F2_VARCHAR2_381","label":"F2_VARCHAR2_381","parentObject":"mplt_multiple_transformations","precision":40,"scale":0,"columnIndex":-1,"isKey":false,"isExternalId":false,"isSfIdLookup":false,"isNullable":true,"isUnique":false,"isCreateable":false,"isUpdateable":true,"isFilterable":true,"isCalculated":false,"showLabel":true,"naturalOrder":0,"linkedFields":[],"relatedInfos":[],"references":[]},{"@type":"field","id":105466739,"name":"F3_NVARCHAR2_201","type":"nstring","uniqueName":"F3_NVARCHAR2_201","label":"F3_NVARCHAR2_201","parentObject":"mplt_multiple_transformations","precision":20,"scale":0,"columnIndex":-1,"isKey":false,"isExternalId":false,"isSfIdLookup":false,"isNullable":true,"isUnique":false,"isCreateable":false,"isUpdateable":true,"isFilterable":true,"isCalculated":false,"showLabel":true,"naturalOrder":0,"linkedFields":[],"relatedInfos":[],"references":[]},{"@type":"field","id":105466741,"name":"F4_CHAR_DEF1","type":"nstring","uniqueName":"F4_CHAR_DEF1","label":"F4_CHAR_DEF1","parentObject":"mplt_multiple_transformations","precision":10,"scale":0,"columnIndex":-1,"isKey":false,"isExternalId":false,"isSfIdLookup":false,"isNullable":true,"isUnique":false,"isCreateable":false,"isUpdateable":true,"isFilterable":true,"isCalculated":false,"showLabel":true,"naturalOrder":0,"linkedFields":[],"relatedInfos":[],"references":[]},{"@type":"field","id":105466743,"name":"F5_CHAR_401","type":"nstring","uniqueName":"F5_CHAR_401","label":"F5_CHAR_401","parentObject":"mplt_multiple_transformations","precision":40,"scale":0,"columnIndex":-1,"isKey":false,"isExternalId":false,"isSfIdLookup":false,"isNullable":true,"isUnique":false,"isCreateable":false,"isUpdateable":true,"isFilterable":true,"isCalculated":false,"showLabel":true,"naturalOrder":0,"linkedFields":[],"relatedInfos":[],"references":[]},{"@type":"field","id":105466745,"name":"F6_NCHAR_DEF1","type":"nstring","uniqueName":"F6_NCHAR_DEF1","label":"F6_NCHAR_DEF1","parentObject":"mplt_multiple_transformations","precision":1,"scale":0,"columnIndex":-1,"isKey":false,"isExternalId":false,"isSfIdLookup":false,"isNullable":true,"isUnique":false,"isCreateable":false,"isUpdateable":true,"isFilterable":true,"isCalculated":false,"showLabel":true,"naturalOrder":0,"linkedFields":[],"relatedInfos":[],"references":[]},{"@type":"field","id":105466747,"name":"F7_NCHAR_181","type":"nstring","uniqueName":"F7_NCHAR_181","label":"F7_NCHAR_181","parentObject":"mplt_multiple_transformations","precision":18,"scale":0,"columnIndex":-1,"isKey":false,"isExternalId":false,"isSfIdLookup":false,"isNullable":true,"isUnique":false,"isCreateable":false,"isUpdateable":true,"isFilterable":true,"isCalculated":false,"showLabel":true,"naturalOrder":0,"linkedFields":[],"relatedInfos":[],"references":[]},{"@type":"field","id":105466749,"name":"F8_NUMBER_DEF1","type":"integer","uniqueName":"F8_NUMBER_DEF1","label":"F8_NUMBER_DEF1","parentObject":"mplt_multiple_transformations","precision":10,"scale":0,"columnIndex":-1,"isKey":false,"isExternalId":false,"isSfIdLookup":false,"isNullable":true,"isUnique":false,"isCreateable":false,"isUpdateable":true,"isFilterable":true,"isCalculated":false,"showLabel":true,"naturalOrder":0,"linkedFields":[],"relatedInfos":[],"references":[]},{"@type":"field","id":105466751,"name":"F9_DECIMAL_10_31","type":"decimal","uniqueName":"F9_DECIMAL_10_31","label":"F9_DECIMAL_10_31","parentObject":"mplt_multiple_transformations","precision":10,"scale":0,"columnIndex":-1,"isKey":false,"isExternalId":false,"isSfIdLookup":false,"isNullable":true,"isUnique":false,"isCreateable":false,"isUpdateable":true,"isFilterable":true,"isCalculated":false,"showLabel":true,"naturalOrder":0,"linkedFields":[],"relatedInfos":[],"references":[]},{"@type":"field","id":105466753,"name":"F10_FLOAT_DEF1","type":"real","uniqueName":"F10_FLOAT_DEF1","label":"F10_FLOAT_DEF1","parentObject":"mplt_multiple_transformations","precision":7,"scale":0,"columnIndex":-1,"isKey":false,"isExternalId":false,"isSfIdLookup":false,"isNullable":true,"isUnique":false,"isCreateable":false,"isUpdateable":true,"isFilterable":true,"isCalculated":false,"showLabel":true,"naturalOrder":0,"linkedFields":[],"relatedInfos":[],"references":[]},{"@type":"field","id":105466755,"name":"F11_DATE_DEF1","type":"date/time","uniqueName":"F11_DATE_DEF1","label":"F11_DATE_DEF1","parentObject":"mplt_multiple_transformations","precision":29,"scale":9,"columnIndex":-1,"isKey":false,"isExternalId":false,"isSfIdLookup":false,"isNullable":true,"isUnique":false,"isCreateable":false,"isUpdateable":true,"isFilterable":true,"isCalculated":false,"showLabel":true,"naturalOrder":0,"linkedFields":[],"relatedInfos":[],"references":[]},{"@type":"field","id":105466757,"name":"F12_TIMESTAMP_DEF1","type":"date/time","uniqueName":"F12_TIMESTAMP_DEF1","label":"F12_TIMESTAMP_DEF1","parentObject":"mplt_multiple_transformations","precision":29,"scale":9,"columnIndex":-1,"isKey":false,"isExternalId":false,"isSfIdLookup":false,"isNullable":true,"isUnique":false,"isCreateable":false,"isUpdateable":true,"isFilterable":true,"isCalculated":false,"showLabel":true,"naturalOrder":0,"linkedFields":[],"relatedInfos":[],"references":[]}],"connections":[]}]