[{"@type":"mappingTemplate","id":"@1","name":"OBJD_Mapping","description":"","bundleVersion":"0","templateId":"@3","deployTime":1573686345000,"hasParameters":false,"valid":true,"fixedConnection":true,"hasParametersDeployed":false,"fixedConnectionDeployed":true,"tasks":1,"mappingPreviewFileRecordId":"@2","documentType":"","references":[{"@type":"reference","refObjectId":"@6FgWByGeHCviFkiblIWDw4","refType":"connection"},{"@type":"reference","refObjectId":"@kvsBCLNTuqYdHHYOW2390U","refType":"connection"}]}]