[{"@type":"workflow","id":"@1","name":"BulkUnlink_LTF_FF_FF","maxLogs":10,"references":[{"@type":"reference","refObjectId":"@8lmnQH75eJJgk8Hb6QGCIG","refType":"mtTask"},{"@type":"reference","refObjectId":"@4x2FaNf2TAlbo4bt0Xtgw9","refType":"dssTask"}],"tasks":[{"@type":"workflowTask","taskId":"@8lmnQH75eJJgk8Hb6QGCIG","type":"MTT","name":"BulkUnlink_LTF_Mapping_Task","stopOnError":false,"stopOnWarning":false},{"@type":"workflowTask","taskId":"@4x2FaNf2TAlbo4bt0Xtgw9","type":"DSS","name":"BulkUnlink_LTF_DSS_FF_FF","stopOnError":false,"stopOnWarning":false}]}]